MunicipalityID,Department Name,Municipality Name,COD_DANE,NOM_DEPART,NOM_MUNICI,COD_DANE
12014,AMAZONAS,EL ENCANTO,91263,AMAZONAS,EL ENCANTO,91263
11624,AMAZONAS,LA CHORRERA,91405,AMAZONAS,LA CHORRERA,91405
11901,AMAZONAS,LA PEDRERA,91407,AMAZONAS,LA PEDRERA,91407
12452,AMAZONAS,LA VICTORIA,91430,AMAZONAS,LA VICTORIA,91430
12436,AMAZONAS,LETICIA,91001,AMAZONAS,LETICIA,91001
11937,AMAZONAS,MIRITI,91460,AMAZONAS,MIRITI-PARANA,91460
12029,AMAZONAS,PUERTO ALEGRIA,91530,AMAZONAS,PUERTO ALEGRIA,91530
12164,AMAZONAS,PUERTO ARICA,91536,AMAZONAS,PUERTO ARICA,91536
11960,AMAZONAS,PUERTO NARINO,91540,AMAZONAS,PUERTO NARINO,91540
12079,AMAZONAS,PUERTO SANTANDER,91669,AMAZONAS,SANTANDER,91669
11707,AMAZONAS,TARAPACA,91798,AMAZONAS,TARAPACA,91798
11832,ANTIOQUIA,ABEJORRAL,5002,ANTIOQUIA,ABEJORRAL,5002
11844,ANTIOQUIA,ABRIAQUI,5004,ANTIOQUIA,ABRIAQUI,5004
11965,ANTIOQUIA,ALEJANDRIA,5021,ANTIOQUIA,ALEJANDRIA,5021
12094,ANTIOQUIA,AMAGA,5030,ANTIOQUIA,AMAGA,5030
11572,ANTIOQUIA,AMALFI,5031,ANTIOQUIA,AMALFI,5031
11852,ANTIOQUIA,ANDES,5034,ANTIOQUIA,ANDES,5034
12253,ANTIOQUIA,ANGELOPOLIS,5036,ANTIOQUIA,ANGELOPOLIS,5036
11635,ANTIOQUIA,ANGOSTURA,5038,ANTIOQUIA,ANGOSTURA,5038
12024,ANTIOQUIA,ANORI,5040,ANTIOQUIA,ANORI,5040
11845,ANTIOQUIA,ANZA,5044,ANTIOQUIA,ANZA,5044
12610,ANTIOQUIA,APARTADO,5045,ANTIOQUIA,APARTADO,5045
11620,ANTIOQUIA,ARBOLETES,5051,ANTIOQUIA,ARBOLETES,5051
12228,ANTIOQUIA,ARGELIA,5055,ANTIOQUIA,ARGELIA,5055
11583,ANTIOQUIA,ARMENIA,5059,ANTIOQUIA,ARMENIA,5059
12021,ANTIOQUIA,BARBOSA,5079,ANTIOQUIA,BARBOSA,5079
11729,ANTIOQUIA,BELLO,5088,ANTIOQUIA,BELLO,5088
12050,ANTIOQUIA,BELMIRA,5086,ANTIOQUIA,BELMIRA,5086
12602,ANTIOQUIA,BETANIA,5091,ANTIOQUIA,BETANIA,5091
12046,ANTIOQUIA,BETULIA,5093,ANTIOQUIA,BETULIA,5093
11616,ANTIOQUIA,BRICENO,5107,ANTIOQUIA,BRICENO,5107
12159,ANTIOQUIA,BURITICA,5113,ANTIOQUIA,BURITICA,5113
12595,ANTIOQUIA,CACERES,5120,ANTIOQUIA,CACERES,5120
12165,ANTIOQUIA,CAICEDO,5125,ANTIOQUIA,CAICEDO,5125
12503,ANTIOQUIA,CALDAS,5129,ANTIOQUIA,CALDAS,5129
12160,ANTIOQUIA,CAMPAMENTO,5134,ANTIOQUIA,CAMPAMENTO,5134
12055,ANTIOQUIA,CANASGORDAS,5138,ANTIOQUIA,CANASGORDAS,5138
12236,ANTIOQUIA,CARACOLI,5142,ANTIOQUIA,CARACOLI,5142
12185,ANTIOQUIA,CARAMANTA,5145,ANTIOQUIA,CARAMANTA,5145
11673,ANTIOQUIA,CAREPA,5147,ANTIOQUIA,CAREPA,5147
11912,ANTIOQUIA,EL CARMEN DE VIBORAL,5148,ANTIOQUIA,CARMEN DE VIBORAL,5148
11947,ANTIOQUIA,CAROLINA,5150,ANTIOQUIA,CAROLINA,5150
12407,ANTIOQUIA,CAUCASIA,5154,ANTIOQUIA,CAUCASIA,5154
12392,ANTIOQUIA,CHIGORODO,5172,ANTIOQUIA,CHIGORODO,5172
12216,ANTIOQUIA,CISNEROS,5190,ANTIOQUIA,CISNEROS,5190
12422,ANTIOQUIA,BOLIVAR,5101,ANTIOQUIA,CIUDAD BOLIVAR,5101
12463,ANTIOQUIA,COCORNA,5197,ANTIOQUIA,COCORNA,5197
12281,ANTIOQUIA,CONCEPCION,5206,ANTIOQUIA,CONCEPCION,5206
11811,ANTIOQUIA,CONCORDIA,5209,ANTIOQUIA,CONCORDIA,5209
11820,ANTIOQUIA,COPACABANA,5212,ANTIOQUIA,COPACABANA,5212
11612,ANTIOQUIA,DABEIBA,5234,ANTIOQUIA,DABEIBA,5234
12654,ANTIOQUIA,DON MATIAS,5237,ANTIOQUIA,DON MATIAS,5237
11649,ANTIOQUIA,EBEJICO,5240,ANTIOQUIA,EBEJICO,5240
12154,ANTIOQUIA,EL BAGRE,5250,ANTIOQUIA,EL BAGRE,5250
12408,ANTIOQUIA,ENTRERRIOS,5264,ANTIOQUIA,ENTRERRIOS,5264
11992,ANTIOQUIA,ENVIGADO,5266,ANTIOQUIA,ENVIGADO,5266
12139,ANTIOQUIA,FREDONIA,5282,ANTIOQUIA,FREDONIA,5282
12073,ANTIOQUIA,FRONTINO,5284,ANTIOQUIA,FRONTINO,5284
12033,ANTIOQUIA,GIRALDO,5306,ANTIOQUIA,GIRALDO,5306
12485,ANTIOQUIA,GIRARDOTA,5308,ANTIOQUIA,GIRARDOTA,5308
12339,ANTIOQUIA,GOMEZ PLATA,5310,ANTIOQUIA,GOMEZ PLATA,5310
11827,ANTIOQUIA,GRANADA,5313,ANTIOQUIA,GRANADA,5313
11925,ANTIOQUIA,GUADALUPE,5315,ANTIOQUIA,GUADALUPE,5315
11645,ANTIOQUIA,GUARNE,5318,ANTIOQUIA,GUARNE,5318
12231,ANTIOQUIA,GUATAPE,5321,ANTIOQUIA,GUATAPE,5321
11585,ANTIOQUIA,HELICONIA,5347,ANTIOQUIA,HELICONIA,5347
12574,ANTIOQUIA,HISPANIA,5353,ANTIOQUIA,HISPANIA,5353
12644,ANTIOQUIA,ITAGUI,5360,ANTIOQUIA,ITAGUI,5360
11735,ANTIOQUIA,ITUANGO,5361,ANTIOQUIA,ITUANGO,5361
12130,ANTIOQUIA,JARDIN,5364,ANTIOQUIA,JARDIN,5364
11966,ANTIOQUIA,JERICO,5368,ANTIOQUIA,JERICO,5368
11995,ANTIOQUIA,LA CEJA,5376,ANTIOQUIA,LA CEJA,5376
11720,ANTIOQUIA,LA ESTRELLA,5380,ANTIOQUIA,LA ESTRELLA,5380
11919,ANTIOQUIA,LA PINTADA,5390,ANTIOQUIA,LA PINTADA,5390
12596,ANTIOQUIA,LA UNION,5400,ANTIOQUIA,LA UNION,5400
12368,ANTIOQUIA,LIBORINA,5411,ANTIOQUIA,LIBORINA,5411
12441,ANTIOQUIA,MACEO,5425,ANTIOQUIA,MACEO,5425
12630,ANTIOQUIA,MARINILLA,5440,ANTIOQUIA,MARINILLA,5440
12086,ANTIOQUIA,MEDELLIN,5001,ANTIOQUIA,MEDELLIN,5001
12587,ANTIOQUIA,MONTEBELLO,5467,ANTIOQUIA,MONTEBELLO,5467
12114,ANTIOQUIA,MURINDO,5475,ANTIOQUIA,MURINDO,5475
11967,ANTIOQUIA,MUTATA,5480,ANTIOQUIA,MUTATA,5480
12269,ANTIOQUIA,NARINO,5483,ANTIOQUIA,NARINO,5483
12222,ANTIOQUIA,NECHI,5495,ANTIOQUIA,NECHI,5495
11812,ANTIOQUIA,NECOCLI,5490,ANTIOQUIA,NECOCLI,5490
12315,ANTIOQUIA,OLAYA,5501,ANTIOQUIA,OLAYA,5501
12071,ANTIOQUIA,PENOL,5541,ANTIOQUIA,PENOL,5541
11988,ANTIOQUIA,PEQUE,5543,ANTIOQUIA,PEQUE,5543
12155,ANTIOQUIA,PUEBLORRICO,5576,ANTIOQUIA,PUEBLORRICO,5576
12531,ANTIOQUIA,PUERTO BERRIO,5579,ANTIOQUIA,PUERTO BERRIO,5579
12056,ANTIOQUIA,PUERTO NARE,5585,ANTIOQUIA,PUERTO NARE,5585
12619,ANTIOQUIA,PUERTO TRIUNFO,5591,ANTIOQUIA,PUERTO TRIUNFO,5591
12611,ANTIOQUIA,REMEDIOS,5604,ANTIOQUIA,REMEDIOS,5604
12316,ANTIOQUIA,RETIRO,5607,ANTIOQUIA,RETIRO,5607
12080,ANTIOQUIA,RIONEGRO,5615,ANTIOQUIA,RIONEGRO,5615
11968,ANTIOQUIA,SABANALARGA,5628,ANTIOQUIA,SABANALARGA,5628
12223,ANTIOQUIA,SABANETA,5631,ANTIOQUIA,SABANETA,5631
11787,ANTIOQUIA,SALGAR,5642,ANTIOQUIA,SALGAR,5642
12263,ANTIOQUIA,SAN ANDRES DE CUERQUIA,5647,ANTIOQUIA,SAN ANDRES,5647
12447,ANTIOQUIA,SAN CARLOS,5649,ANTIOQUIA,SAN CARLOS,5649
11621,ANTIOQUIA,SAN FRANCISCO,5652,ANTIOQUIA,SAN FRANCISCO,5652
11871,ANTIOQUIA,SAN JERONIMO,5656,ANTIOQUIA,SAN JERONIMO,5656
12486,ANTIOQUIA,SAN JOSE DE LA MONTANA,5658,ANTIOQUIA,SAN JOSE DE LA MONTANA,5658
12152,ANTIOQUIA,SAN JUAN DE URABA,5659,ANTIOQUIA,SAN JUAN DE URABA,5659
11736,ANTIOQUIA,SAN LUIS,5660,ANTIOQUIA,SAN LUIS,5660
12210,ANTIOQUIA,SAN PEDRO,5664,ANTIOQUIA,SAN PEDRO,5664
11938,ANTIOQUIA,SAN PEDRO DE URABA,5665,ANTIOQUIA,SAN PEDRO DE URABA,5665
12527,ANTIOQUIA,SAN RAFAEL,5667,ANTIOQUIA,SAN RAFAEL,5667
11974,ANTIOQUIA,SAN ROQUE,5670,ANTIOQUIA,SAN ROQUE,5670
12495,ANTIOQUIA,SAN VICENTE,5674,ANTIOQUIA,SAN VICENTE,5674
12317,ANTIOQUIA,SANTA BARBARA,5679,ANTIOQUIA,SANTA BARBARA,5679
11833,ANTIOQUIA,SANTAFE DE ANTIOQUIA,5042,ANTIOQUIA,SANTA FE DE ANTIOQUIA,5042
12002,ANTIOQUIA,SANTA ROSA DE OSOS,5686,ANTIOQUIA,SANTA ROSA DE OSOS,5686
11795,ANTIOQUIA,SANTO DOMINGO,5690,ANTIOQUIA,SANTO DOMINGO,5690
11746,ANTIOQUIA,EL SANTUARIO,5697,ANTIOQUIA,SANTUARIO,5697
12428,ANTIOQUIA,SEGOVIA,5736,ANTIOQUIA,SEGOVIA,5736
11839,ANTIOQUIA,SONSON,5756,ANTIOQUIA,SONSON,5756
12648,ANTIOQUIA,SOPETRAN,5761,ANTIOQUIA,SOPETRAN,5761
12398,ANTIOQUIA,TAMESIS,5789,ANTIOQUIA,TAMESIS,5789
12680,ANTIOQUIA,TARAZA,5790,ANTIOQUIA,TARAZA,5790
11586,ANTIOQUIA,TARSO,5792,ANTIOQUIA,TARSO,5792
12489,ANTIOQUIA,TITIRIBI,5809,ANTIOQUIA,TITIRIBI,5809
12282,ANTIOQUIA,TOLEDO,5819,ANTIOQUIA,TOLEDO,5819
12561,ANTIOQUIA,TURBO,5837,ANTIOQUIA,TURBO,5837
12205,ANTIOQUIA,URAMITA,5842,ANTIOQUIA,URAMITA,5842
12166,ANTIOQUIA,URRAO,5847,ANTIOQUIA,URRAO,5847
11939,ANTIOQUIA,VALDIVIA,5854,ANTIOQUIA,VALDIVIA,5854
12487,ANTIOQUIA,VALPARAISO,5856,ANTIOQUIA,VALPARAISO,5856
11920,ANTIOQUIA,VEGACHI,5858,ANTIOQUIA,VEGACHI,5858
11868,ANTIOQUIA,VENECIA,5861,ANTIOQUIA,VENECIA,5861
11699,ANTIOQUIA,VIGIA DEL FUERTE,5873,ANTIOQUIA,VIGIA DEL FUERTE,5873
11642,ANTIOQUIA,YALI,5885,ANTIOQUIA,YALI,5885
11629,ANTIOQUIA,YARUMAL,5887,ANTIOQUIA,YARUMAL,5887
11592,ANTIOQUIA,YOLOMBO,5890,ANTIOQUIA,YOLOMBO,5890
12620,ANTIOQUIA,YONDO,5893,ANTIOQUIA,YONDO,5893
11772,ANTIOQUIA,ZARAGOZA,5895,ANTIOQUIA,ZARAGOZA,5895
12037,ARAUCA,ARAUCA,81001,ARAUCA,ARAUCA,81001
12305,ARAUCA,ARAUQUITA,81065,ARAUCA,ARAUQUITA,81065
11923,ARAUCA,CRAVO NORTE,81220,ARAUCA,CRAVO NORTE,81220
11794,ARAUCA,FORTUL,81300,ARAUCA,FORTUL,81300
12573,ARAUCA,PUERTO RONDON,81591,ARAUCA,PUERTO RONDON,81591
11600,ARAUCA,SARAVENA,81736,ARAUCA,SARAVENA,81736
12647,ARAUCA,TAME,81794,ARAUCA,TAME,81794
12237,ATLANTICO,BARANOA,8078,ATLÁNTICO,BARANOA,8078
11778,ATLANTICO,BARRANQUILLA,8001,ATLÁNTICO,BARRANQUILLA,8001
11587,ATLANTICO,CAMPO DE LA CRUZ,8137,ATLÁNTICO,CAMPO DE LA CRUZ,8137
12655,ATLANTICO,CANDELARIA,8141,ATLÁNTICO,CANDELARIA,8141
12621,ATLANTICO,GALAPA,8296,ATLÁNTICO,GALAPA,8296
12429,ATLANTICO,JUAN DE ACOSTA,8372,ATLÁNTICO,JUAN DE ACOSTA,8372
12123,ATLANTICO,LURUACO,8421,ATLÁNTICO,LURUACO,8421
11840,ATLANTICO,MALAMBO,8433,ATLÁNTICO,MALAMBO,8433
11588,ATLANTICO,MANATI,8436,ATLÁNTICO,MANATI,8436
11668,ATLANTICO,PALMAR DE VARELA,8520,ATLÁNTICO,PALMAR DE VARELA,8520
12690,ATLANTICO,PIOJO,8549,ATLÁNTICO,PIOJO,8549
11593,ATLANTICO,POLONUEVO,8558,ATLÁNTICO,POLONUEVO,8558
12364,ATLANTICO,PONEDERA,8560,ATLÁNTICO,PONEDERA,8560
11889,ATLANTICO,PUERTO COLOMBIA,8573,ATLÁNTICO,PUERTO COLOMBIA,8573
11594,ATLANTICO,REPELON,8606,ATLÁNTICO,REPELON,8606
12144,ATLANTICO,SABANAGRANDE,8634,ATLÁNTICO,SABANAGRANDE,8634
12294,ATLANTICO,SABANALARGA,8638,ATLÁNTICO,SABANALARGA,8638
12167,ATLANTICO,SANTA LUCIA,8675,ATLÁNTICO,SANTA LUCIA,8675
12217,ATLANTICO,SANTO TOMAS,8685,ATLÁNTICO,SANTO TOMAS,8685
12401,ATLANTICO,SOLEDAD,8758,ATLÁNTICO,SOLEDAD,8758
11784,ATLANTICO,SUAN,8770,ATLÁNTICO,SUAN,8770
12403,ATLANTICO,TUBARA,8832,ATLÁNTICO,TUBARA,8832
11996,ATLANTICO,USIACURI,8849,ATLÁNTICO,USIACURI,8849
11654,BOLIVAR,ACHI,13006,BOLÍVAR,ACHI,13006
12115,BOLIVAR,ALTOS DEL ROSARIO,13030,BOLÍVAR,ALTOS DEL ROSARIO,13030
12414,BOLIVAR,ARENAL,13042,BOLÍVAR,ARENAL,13042
12584,BOLIVAR,ARJONA,13052,BOLÍVAR,ARJONA,13052
11595,BOLIVAR,ARROYOHONDO,13062,BOLÍVAR,ARROYOHONDO,13062
12570,BOLIVAR,BARRANCO DE LOBA,13074,BOLÍVAR,BARRANCO DE LOBA,13074
11636,BOLIVAR,CALAMAR,13140,BOLÍVAR,CALAMAR,13140
12539,BOLIVAR,CANTAGALLO,13160,BOLÍVAR,CANTAGALLO,13160
12310,BOLIVAR,CARTAGENA,13001,BOLÍVAR,CARTAGENA DE INDIAS,13001
12386,BOLIVAR,CICUCO,13188,BOLÍVAR,CICUCO,13188
12664,BOLIVAR,CLEMENCIA,13222,BOLÍVAR,CLEMENCIA,13222
12631,BOLIVAR,CORDOBA,13212,BOLÍVAR,CORDOBA,13212
12632,BOLIVAR,EL CARMEN DE BOLIVAR,13244,BOLÍVAR,EL CARMEN DE BOLIVAR,13244
11681,BOLIVAR,EL GUAMO,13248,BOLÍVAR,EL GUAMO,13248
12321,BOLIVAR,EL PENON,13268,BOLÍVAR,EL PENON,13268
12547,BOLIVAR,HATILLO DE LOBA,13300,BOLÍVAR,HATILLO DE LOBA,13300
11801,BOLIVAR,MAGANGUE,13430,BOLÍVAR,MAGANGUE,13430
12649,BOLIVAR,MAHATES,13433,BOLÍVAR,MAHATES,13433
12565,BOLIVAR,MARGARITA,13440,BOLÍVAR,MARGARITA,13440
11703,BOLIVAR,MARIA LA BAJA,13442,BOLÍVAR,MARIA LA BAJA,13442
12512,BOLIVAR,MOMPOS,13468,BOLÍVAR,MOMPOS,13468
12306,BOLIVAR,MONTECRISTO,13458,BOLÍVAR,MONTECRISTO,13458
12105,BOLIVAR,MORALES,13473,BOLÍVAR,MORALES,13473
3,BOLÍVAR,NOROSI,13490,BOLÍVAR,NOROSI,13490
11686,BOLIVAR,PINILLOS,13549,BOLÍVAR,PINILLOS,13549
11747,BOLIVAR,REGIDOR,13580,BOLÍVAR,REGIDOR,13580
12140,BOLIVAR,RIO VIEJO,13600,BOLÍVAR,RIOVIEJO,13600
12496,BOLIVAR,SAN CRISTOBAL,13620,BOLÍVAR,SAN CRISTOBAL,13620
12551,BOLIVAR,SAN ESTANISLAO,13647,BOLÍVAR,SAN ESTANISLAO,13647
11983,BOLIVAR,SAN FERNANDO,13650,BOLÍVAR,SAN FERNANDO,13650
11655,BOLIVAR,SAN JACINTO,13654,BOLÍVAR,SAN JACINTO,13654
12638,BOLIVAR,SAN JACINTO DEL CAUCA,13655,BOLÍVAR,SAN JACINTO DEL CAUCA,13655
11940,BOLIVAR,SAN JUAN NEPOMUCENO,13657,BOLÍVAR,SAN JUAN NEPOMUCENO,13657
12612,BOLIVAR,SAN MARTIN DE LOBA,13667,BOLÍVAR,SAN MARTIN DE LOBA,13667
12665,BOLIVAR,SAN PABLO,13670,BOLÍVAR,SAN PABLO,13670
12163,BOLIVAR,SANTA CATALINA,13673,BOLÍVAR,SANTA CATALINA,13673
12597,BOLIVAR,SANTA ROSA,13683,BOLÍVAR,SANTA ROSA,13683
12318,BOLIVAR,SANTA ROSA DEL SUR,13688,BOLÍVAR,SANTA ROSA DEL SUR,13688
12575,BOLIVAR,SIMITI,13744,BOLÍVAR,SIMITI,13744
12532,BOLIVAR,SOPLAVIENTO,13760,BOLÍVAR,SOPLAVIENTO,13760
12541,BOLIVAR,TALAIGUA NUEVO,13780,BOLÍVAR,TALAIGUA NUEVO,13780
12471,BOLIVAR,TIQUISIO,13810,BOLÍVAR,TIQUISIO,13810
11921,BOLIVAR,TURBACO,13836,BOLÍVAR,TURBACO,13836
12141,BOLIVAR,TURBANA,13838,BOLÍVAR,TURBANA,13838
11890,BOLIVAR,VILLANUEVA,13873,BOLÍVAR,VILLANUEVA,13873
12409,BOLIVAR,ZAMBRANO,13894,BOLÍVAR,ZAMBRANO,13894
12476,BOYACA,ALMEIDA,15022,BOYACÁ,ALMEIDA,15022
11997,BOYACA,AQUITANIA,15047,BOYACÁ,AQUITANIA,15047
12299,BOYACA,ARCABUCO,15051,BOYACÁ,ARCABUCO,15051
12124,BOYACA,BELEN,15087,BOYACÁ,BELEN,15087
11961,BOYACA,BERBEO,15090,BOYACÁ,BERBEO,15090
12206,BOYACA,BETEITIVA,15092,BOYACÁ,BETEITIVA,15092
12656,BOYACA,BOAVITA,15097,BOYACÁ,BOAVITA,15097
12156,BOYACA,BOYACA,15104,BOYACÁ,BOYACA,15104
12218,BOYACA,BRICENO,15106,BOYACÁ,BRICENO,15106
12524,BOYACA,BUENAVISTA,15109,BOYACÁ,BUENAVISTA,15109
11924,BOYACA,BUSBANZA,15114,BOYACÁ,BUSBANZA,15114
12603,BOYACA,CALDAS,15131,BOYACÁ,CALDAS,15131
12359,BOYACA,CAMPOHERMOSO,15135,BOYACÁ,CAMPOHERMOSO,15135
12007,BOYACA,CERINZA,15162,BOYACÁ,CERINZA,15162
12089,BOYACA,CHINAVITA,15172,BOYACÁ,CHINAVITA,15172
12199,BOYACA,CHIQUINQUIRA,15176,BOYACÁ,CHIQUINQUIRA,15176
11604,BOYACA,CHIQUIZA,15232,BOYACÁ,CHIQUIZA,15232
11881,BOYACA,CHISCAS,15180,BOYACÁ,CHISCAS,15180
12238,BOYACA,CHITA,15183,BOYACÁ,CHITA,15183
12604,BOYACA,CHITARAQUE,15185,BOYACÁ,CHITARAQUE,15185
12067,BOYACA,CHIVATA,15187,BOYACÁ,CHIVATA,15187
11935,BOYACA,CHIVOR,15236,BOYACÁ,CHIVOR,15236
12504,BOYACA,CIENAGA,15189,BOYACÁ,CIENEGA,15189
11948,BOYACA,COMBITA,15204,BOYACÁ,COMBITA,15204
11799,BOYACA,COPER,15212,BOYACÁ,COPER,15212
12378,BOYACA,CORRALES,15215,BOYACÁ,CORRALES,15215
12622,BOYACA,COVARACHIA,15218,BOYACÁ,COVARACHIA,15218
12374,BOYACA,CUBARA,15223,BOYACÁ,CUBARA,15223
12142,BOYACA,CUCAITA,15224,BOYACÁ,CUCAITA,15224
12074,BOYACA,CUITIVA,15226,BOYACÁ,CUITIVA,15226
12548,BOYACA,DUITAMA,15238,BOYACÁ,DUITAMA,15238
11779,BOYACA,EL COCUY,15244,BOYACÁ,EL COCUY,15244
11954,BOYACA,EL ESPINO,15248,BOYACÁ,EL ESPINO,15248
12030,BOYACA,FIRAVITOBA,15272,BOYACÁ,FIRAVITOBA,15272
12090,BOYACA,FLORESTA,15276,BOYACÁ,FLORESTA,15276
12687,BOYACA,GACHANTIVA,15293,BOYACÁ,GACHANTIVA,15293
12381,BOYACA,GAMEZA,15296,BOYACÁ,GAMEZA,15296
11674,BOYACA,GARAGOA,15299,BOYACÁ,GARAGOA,15299
12068,BOYACA,GUACAMAYAS,15317,BOYACÁ,GUACAMAYAS,15317
12075,BOYACA,GUATEQUE,15322,BOYACÁ,GUATEQUE,15322
11885,BOYACA,GUAYATA,15325,BOYACÁ,GUAYATA,15325
12283,BOYACA,GUICAN,15332,BOYACÁ,GUICAN DE LA SIERRA,15332
12264,BOYACA,IZA,15362,BOYACÁ,IZA,15362
12613,BOYACA,JENESANO,15367,BOYACÁ,JENESANO,15367
12135,BOYACA,JERICO,15368,BOYACÁ,JERICO,15368
11834,BOYACA,LA CAPILLA,15380,BOYACÁ,LA CAPILLA,15380
12300,BOYACA,LA UVITA,15403,BOYACÁ,LA UVITA,15403
12182,BOYACA,LA VICTORIA,15401,BOYACÁ,LA VICTORIA,15401
11828,BOYACA,LABRANZAGRANDE,15377,BOYACÁ,LABRANZAGRANDE,15377
12334,BOYACA,MACANAL,15425,BOYACÁ,MACANAL,15425
12183,BOYACA,MARIPI,15442,BOYACÁ,MARIPI,15442
11802,BOYACA,MIRAFLORES,15455,BOYACÁ,MIRAFLORES,15455
11813,BOYACA,MONGUA,15464,BOYACÁ,MONGUA,15464
12186,BOYACA,MONGUI,15466,BOYACÁ,MONGUI,15466
12444,BOYACA,MONIQUIRA,15469,BOYACÁ,MONIQUIRA,15469
12322,BOYACA,MOTAVITA,15476,BOYACÁ,MOTAVITA,15476
12448,BOYACA,MUZO,15480,BOYACÁ,MUZO,15480
11993,BOYACA,NOBSA,15491,BOYACÁ,NOBSA,15491
12131,BOYACA,NUEVO COLON,15494,BOYACÁ,NUEVO COLON,15494
12091,BOYACA,OICATA,15500,BOYACÁ,OICATA,15500
11796,BOYACA,OTANCHE,15507,BOYACÁ,OTANCHE,15507
12136,BOYACA,PACHAVITA,15511,BOYACÁ,PACHAVITA,15511
11748,BOYACA,PAEZ,15514,BOYACÁ,PAEZ,15514
11625,BOYACA,PAIPA,15516,BOYACÁ,PAIPA,15516
12132,BOYACA,PAJARITO,15518,BOYACÁ,PAJARITO,15518
12250,BOYACA,PANQUEBA,15522,BOYACÁ,PANQUEBA,15522
12641,BOYACA,PAUNA,15531,BOYACÁ,PAUNA,15531
12350,BOYACA,PAYA,15533,BOYACÁ,PAYA,15533
12650,BOYACA,PAZ DE RIO,15537,BOYACÁ,PAZ DE RIO,15537
11650,BOYACA,PESCA,15542,BOYACÁ,PESCA,15542
12576,BOYACA,PISBA,15550,BOYACÁ,PISVA,15550
11922,BOYACA,PUERTO BOYACA,15572,BOYACÁ,PUERTO BOYACA,15572
12472,BOYACA,QUIPAMA,15580,BOYACÁ,QUIPAMA,15580
12157,BOYACA,RAMIRIQUI,15599,BOYACÁ,RAMIRIQUI,15599
12481,BOYACA,RAQUIRA,15600,BOYACÁ,RAQUIRA,15600
11656,BOYACA,RONDON,15621,BOYACÁ,RONDON,15621
12624,BOYACA,SABOYA,15632,BOYACÁ,SABOYA,15632
12290,BOYACA,SACHICA,15638,BOYACÁ,SACHICA,15638
12344,BOYACA,SAMACA,15646,BOYACÁ,SAMACA,15646
12442,BOYACA,SAN EDUARDO,15660,BOYACÁ,SAN EDUARDO,15660
11704,BOYACA,SAN JOSE DE PARE,15664,BOYACÁ,SAN JOSE DE PARE,15664
12605,BOYACA,SAN LUIS DE GACENO,15667,BOYACÁ,SAN LUIS DE GACENO,15667
11753,BOYACA,SAN MATEO,15673,BOYACÁ,SAN MATEO,15673
11902,BOYACA,SAN MIGUEL DE SEMA,15676,BOYACÁ,SAN MIGUEL DE SEMA,15676
11626,BOYACA,SAN PABLO DE BORBUR,15681,BOYACÁ,SAN PABLO DE BORBUR,15681
12081,BOYACA,SANTA MARIA,15690,BOYACÁ,SANTA MARIA,15690
11903,BOYACA,SANTA ROSA DE VITERBO,15693,BOYACÁ,SANTA ROSA DE VITERBO,15693
12307,BOYACA,SANTA SOFIA,15696,BOYACÁ,SANTA SOFIA,15696
12402,BOYACA,SANTANA,15686,BOYACÁ,SANTANA,15686
12625,BOYACA,SATIVANORTE,15720,BOYACÁ,SATIVANORTE,15720
12387,BOYACA,SATIVASUR,15723,BOYACÁ,SATIVASUR,15723
11872,BOYACA,SIACHOQUE,15740,BOYACÁ,SIACHOQUE,15740
11955,BOYACA,SOATA,15753,BOYACÁ,SOATA,15753
12542,BOYACA,SOCHA,15757,BOYACÁ,SOCHA,15757
12464,BOYACA,SOCOTA,15755,BOYACÁ,SOCOTA,15755
12592,BOYACA,SOGAMOSO,15759,BOYACÁ,SOGAMOSO,15759
12191,BOYACA,SOMONDOCO,15761,BOYACÁ,SOMONDOCO,15761
12232,BOYACA,SORA,15762,BOYACÁ,SORA,15762
12323,BOYACA,SORACA,15764,BOYACÁ,SORACA,15764
12311,BOYACA,SOTAQUIRA,15763,BOYACÁ,SOTAQUIRA,15763
11596,BOYACA,SUSACON,15774,BOYACÁ,SUSACON,15774
12187,BOYACA,SUTAMARCHAN,15776,BOYACÁ,SUTAMARCHAN,15776
12038,BOYACA,SUTATENZA,15778,BOYACÁ,SUTATENZA,15778
12365,BOYACA,TASCO,15790,BOYACÁ,TASCO,15790
11705,BOYACA,TENZA,15798,BOYACÁ,TENZA,15798
11862,BOYACA,TIBANA,15804,BOYACÁ,TIBANA,15804
12057,BOYACA,TIBASOSA,15806,BOYACÁ,TIBASOSA,15806
12224,BOYACA,TINJACA,15808,BOYACÁ,TINJACA,15808
12430,BOYACA,TIPACOQUE,15810,BOYACÁ,TIPACOQUE,15810
11721,BOYACA,TOCA,15814,BOYACÁ,TOCA,15814
12500,BOYACA,TOGUI,15816,BOYACÁ,TOGUI,15816
12015,BOYACA,TOPAGA,15820,BOYACÁ,TOPAGA,15820
11956,BOYACA,TOTA,15822,BOYACÁ,TOTA,15822
11930,BOYACA,TUNJA,15001,BOYACÁ,TUNJA,15001
12153,BOYACA,TUNUNGUA,15832,BOYACÁ,TUNUNGUA,15832
12127,BOYACA,TURMEQUE,15835,BOYACÁ,TURMEQUE,15835
11637,BOYACA,TUTA,15837,BOYACÁ,TUTA,15837
12505,BOYACA,TUTAZA,15839,BOYACÁ,TUTAZA,15839
11768,BOYACA,UMBITA,15842,BOYACÁ,UMBITA,15842
12626,BOYACA,VENTAQUEMADA,15861,BOYACÁ,VENTAQUEMADA,15861
12458,BOYACA,VILLA DE LEYVA,15407,BOYACÁ,VILLA DE LEIVA,15407
11692,BOYACA,VIRACACHA,15879,BOYACÁ,VIRACACHA,15879
11848,BOYACA,ZETAQUIRA,15897,BOYACÁ,ZETAQUIRA,15897
12034,CALDAS,AGUADAS,17013,CALDAS,AGUADAS,17013
12195,CALDAS,ANSERMA,17042,CALDAS,ANSERMA,17042
11762,CALDAS,ARANZAZU,17050,CALDAS,ARANZAZU,17050
11754,CALDAS,BELALCAZAR,17088,CALDAS,BELALCAZAR,17088
11825,CALDAS,CHINCHINA,17174,CALDAS,CHINCHINA,17174
12340,CALDAS,FILADELFIA,17272,CALDAS,FILADELFIA,17272
12289,CALDAS,LA DORADA,17380,CALDAS,LA DORADA,17380
11886,CALDAS,LA MERCED,17388,CALDAS,LA MERCED,17388
12514,CALDAS,MANIZALES,17001,CALDAS,MANIZALES,17001
11669,CALDAS,MANZANARES,17433,CALDAS,MANZANARES,17433
12207,CALDAS,MARMATO,17442,CALDAS,MARMATO,17442
12301,CALDAS,MARQUETALIA,17444,CALDAS,MARQUETALIA,17444
11693,CALDAS,MARULANDA,17446,CALDAS,MARULANDA,17446
11941,CALDAS,NEIRA,17486,CALDAS,NEIRA,17486
12314,CALDAS,NORCASIA,17495,CALDAS,NORCASIA,17495
12035,CALDAS,PACORA,17513,CALDAS,PACORA,17513
12525,CALDAS,PALESTINA,17524,CALDAS,PALESTINA,17524
12614,CALDAS,PENSILVANIA,17541,CALDAS,PENSILVANIA,17541
11715,CALDAS,RIOSUCIO,17614,CALDAS,RIOSUCIO,17614
11807,CALDAS,RISARALDA,17616,CALDAS,RISARALDA,17616
11904,CALDAS,SALAMINA,17653,CALDAS,SALAMINA,17653
12308,CALDAS,SAMANA,17662,CALDAS,SAMANA,17662
11630,CALDAS,SAN JOSE,17665,CALDAS,SAN JOSE,17665
11821,CALDAS,SUPIA,17777,CALDAS,SUPIA,17777
12158,CALDAS,VICTORIA,17867,CALDAS,VICTORIA,17867
11743,CALDAS,VILLAMARIA,17873,CALDAS,VILLAMARIA,17873
12490,CALDAS,VITERBO,17877,CALDAS,VITERBO,17877
11759,CAQUETA,ALBANIA,18209,CAQUETÁ,ALBANIA,18209
12571,CAQUETA,BELEN DE LOS ANDAQUIES,18094,CAQUETÁ,BELEN DE LOS ANDAQUIES,18094
11853,CAQUETA,CARTAGENA DEL CHAIRA,18150,CAQUETÁ,CARTAGENA DEL CHAIRA,18150
12063,CAQUETA,CURILLO,18205,CAQUETÁ,CURILLO,18205
12188,CAQUETA,EL DONCELLO,18247,CAQUETÁ,EL DONCELLO,18247
12443,CAQUETA,EL PAUJIL,18256,CAQUETÁ,EL PAUJIL,18256
12427,CAQUETA,FLORENCIA,18001,CAQUETÁ,FLORENCIA,18001
11797,CAQUETA,MILAN,18460,CAQUETÁ,MILAN,18460
12296,CAQUETA,LA MONTANITA,18410,CAQUETÁ,MONTANITA,18410
12473,CAQUETA,MORELIA,18479,CAQUETÁ,MORELIA,18479
12328,CAQUETA,PUERTO RICO,18592,CAQUETÁ,PUERTO RICO,18592
12239,CAQUETA,SAN JOSE DEL FRAGUA,18610,CAQUETÁ,SAN JOSE DEL FRAGUA,18610
11788,CAQUETA,SAN VICENTE DEL CAGUAN,18753,CAQUETÁ,SAN VICENTE DEL CAGUAN,18753
12229,CAQUETA,SOLANO,18756,CAQUETÁ,SOLANO,18756
12393,CAQUETA,SOLITA,18785,CAQUETÁ,SOLITA,18785
12404,CAQUETA,VALPARAISO,18860,CAQUETÁ,VALPARAISO,18860
12099,CASANARE,AGUAZUL,85010,CASANARE,AGUAZUL,85010
11911,CASANARE,CHAMEZA,85015,CASANARE,CHAMEZA,85015
12373,CASANARE,HATO COROZAL,85125,CASANARE,HATO COROZAL,85125
12488,CASANARE,LA SALINA,85136,CASANARE,LA SALINA,85136
12419,CASANARE,MANI,85139,CASANARE,MANI,85139
11819,CASANARE,MONTERREY,85162,CASANARE,MONTERREY,85162
12235,CASANARE,NUNCHIA,85225,CASANARE,NUNCHIA,85225
12100,CASANARE,OROCUE,85230,CASANARE,OROCUE,85230
11917,CASANARE,PAZ DE ARIPORO,85250,CASANARE,PAZ DE ARIPORO,85250
12162,CASANARE,PORE,85263,CASANARE,PORE,85263
12062,CASANARE,RECETOR,85279,CASANARE,RECETOR,85279
11739,CASANARE,SABANALARGA,85300,CASANARE,SABANALARGA,85300
12420,CASANARE,SACAMA,85315,CASANARE,SACAMA,85315
11946,CASANARE,SAN LUIS DE PALENQUE,85325,CASANARE,SAN LUIS DE PALENQUE,85325
11782,CASANARE,TAMARA,85400,CASANARE,TAMARA,85400
12478,CASANARE,TAURAMENA,85410,CASANARE,TAURAMENA,85410
11691,CASANARE,TRINIDAD,85430,CASANARE,TRINIDAD,85430
12027,CASANARE,VILLANUEVA,85440,CASANARE,VILLANUEVA,85440
12184,CASANARE,YOPAL,85001,CASANARE,YOPAL,85001
12251,CAUCA,ALMAGUER,19022,CAUCA,ALMAGUER,19022
12259,CAUCA,ARGELIA,19050,CAUCA,ARGELIA,19050
11785,CAUCA,BALBOA,19075,CAUCA,BALBOA,19075
12341,CAUCA,BOLIVAR,19100,CAUCA,BOLIVAR,19100
11749,CAUCA,BUENOS AIRES,19110,CAUCA,BUENOS AIRES,19110
12681,CAUCA,CAJIBIO,19130,CAUCA,CAJIBIO,19130
12366,CAUCA,CALDONO,19137,CAUCA,CALDONO,19137
11605,CAUCA,CALOTO,19142,CAUCA,CALOTO,19142
11576,CAUCA,CORINTO,19212,CAUCA,CORINTO,19212
12176,CAUCA,EL TAMBO,19256,CAUCA,EL TAMBO,19256
11905,CAUCA,FLORENCIA,19290,CAUCA,FLORENCIA,19290
0,CAUCA,GUACHENE,19300,CAUCA,GUACHENE,19300
12051,CAUCA,GUAPI,19318,CAUCA,GUAPI,19318
11841,CAUCA,INZA,19355,CAUCA,INZA,19355
12477,CAUCA,JAMBALO,19364,CAUCA,JAMBALO,19364
12240,CAUCA,LA SIERRA,19392,CAUCA,LA SIERRA,19392
12506,CAUCA,LA VEGA,19397,CAUCA,LA VEGA,19397
11606,CAUCA,LOPEZ,19418,CAUCA,LOPEZ,19418
11906,CAUCA,MERCADERES,19450,CAUCA,MERCADERES,19450
12642,CAUCA,MIRANDA,19455,CAUCA,MIRANDA,19455
11822,CAUCA,MORALES,19473,CAUCA,MORALES,19473
11657,CAUCA,PADILLA,19513,CAUCA,PADILLA,19513
11969,CAUCA,PAEZ,19517,CAUCA,PAEZ,19517
12351,CAUCA,PATIA,19532,CAUCA,PATIA,19532
12449,CAUCA,PIAMONTE,19533,CAUCA,PIAMONTE,19533
12598,CAUCA,PIENDAMO,19548,CAUCA,PIENDAMO-TUNIA,19548
11573,CAUCA,POPAYAN,19001,CAUCA,POPAYAN,19001
12302,CAUCA,PUERTO TEJADA,19573,CAUCA,PUERTO TEJADA,19573
11926,CAUCA,PURACE,19585,CAUCA,PURACE,19585
12534,CAUCA,ROSAS,19622,CAUCA,ROSAS,19622
12284,CAUCA,SAN SEBASTIAN,19693,CAUCA,SAN SEBASTIAN,19693
12521,CAUCA,SANTA ROSA,19701,CAUCA,SANTA ROSA,19701
11931,CAUCA,SANTANDER DE QUILICHAO,19698,CAUCA,SANTANDER DE QUILICHAO,19698
12606,CAUCA,SILVIA,19743,CAUCA,SILVIA,19743
11808,CAUCA,SOTARA,19760,CAUCA,SOTARA,19760
11863,CAUCA,SUAREZ,19780,CAUCA,SUAREZ,19780
11846,CAUCA,SUCRE,19785,CAUCA,SUCRE,19785
12572,CAUCA,TIMBIO,19807,CAUCA,TIMBIO,19807
12695,CAUCA,TIMBIQUI,19809,CAUCA,TIMBIQUI,19809
11769,CAUCA,TORIBIO,19821,CAUCA,TORIBIO,19821
11617,CAUCA,TOTORO,19824,CAUCA,TOTORO,19824
12399,CAUCA,VILLA RICA,19845,CAUCA,VILLA RICA,19845
11891,CESAR,AGUACHICA,20011,CESAR,AGUACHICA,20011
12497,CESAR,AGUSTIN CODAZZI,20013,CESAR,AGUSTIN CODAZZI,20013
11597,CESAR,ASTREA,20032,CESAR,ASTREA,20032
12369,CESAR,BECERRIL,20045,CESAR,BECERRILL,20045
12117,CESAR,BOSCONIA,20060,CESAR,BOSCONIA,20060
11949,CESAR,CHIMICHAGUA,20175,CESAR,CHIMICHAGUA,20175
11913,CESAR,CHIRIGUANA,20178,CESAR,CHIRIGUANA,20178
11662,CESAR,CURUMANI,20228,CESAR,CURUMANI,20228
11724,CESAR,EL COPEY,20238,CESAR,EL COPEY,20238
12657,CESAR,EL PASO,20250,CESAR,EL PASO,20250
12370,CESAR,GAMARRA,20295,CESAR,GAMARRA,20295
11708,CESAR,GONZALEZ,20310,CESAR,GONZALEZ,20310
11710,CESAR,LA GLORIA,20383,CESAR,LA GLORIA,20383
12008,CESAR,LA JAGUA DE IBIRICO,20400,CESAR,LA JAGUA DE IBIRICO,20400
11773,CESAR,LA PAZ,20621,CESAR,LA PAZ,20621
11574,CESAR,MANAURE,20443,CESAR,MANAURE BALCON DEL CESAR,20443
12543,CESAR,PAILITAS,20517,CESAR,PAILITAS,20517
11854,CESAR,PELAYA,20550,CESAR,PELAYA,20550
12003,CESAR,PUEBLO BELLO,20570,CESAR,PUEBLO BELLO,20570
12431,CESAR,RIO DE ORO,20614,CESAR,RIO DE ORO,20614
11895,CESAR,SAN ALBERTO,20710,CESAR,SAN ALBERTO,20710
12566,CESAR,SAN DIEGO,20750,CESAR,SAN DIEGO,20750
11638,CESAR,SAN MARTIN,20770,CESAR,SAN MARTIN,20770
12093,CESAR,TAMALAMEQUE,20787,CESAR,TAMALAMEQUE,20787
12025,CESAR,VALLEDUPAR,20001,CESAR,VALLEDUPAR,20001
12331,CHOCO,ACANDI,27006,CHOCÓ,ACANDI,27006
12385,CHOCO,ALTO BAUDO,27025,CHOCÓ,ALTO BAUDO,27025
12255,CHOCO,ATRATO,27050,CHOCÓ,ATRATO,27050
12633,CHOCO,BAGADO,27073,CHOCÓ,BAGADO,27073
11994,CHOCO,BAHIA SOLANO,27075,CHOCÓ,BAHIA SOLANO,27075
12143,CHOCO,BAJO BAUDO,27077,CHOCÓ,BAJO BAUDO,27077
11907,CHOCO,BELEN DE BAJIRA,27615,CHOCO,BELEN DE BAJIRA,27615
11942,CHOCO,BOJAYA,27099,CHOCÓ,BOJAYA,27099
12460,CHOCO,CARMEN DEL DARIEN,27150,CHOCÓ,CARMEN DEL DARIEN ,27150
12437,CHOCO,CERTEGUI,27160,CHOCÓ,CERTEGUI,27160
12004,CHOCO,CONDOTO,27205,CHOCÓ,CONDOTO,27205
12266,CHOCO,EL CANTON DEL SAN PABLO,27135,CHOCÓ,EL CANTON DEL SAN PABLO,27135
11706,CHOCO,EL CARMEN DE ATRATO,27245,CHOCÓ,EL CARMEN,27245
11618,CHOCO,EL LITORAL DEL SAN JUAN,27250,CHOCÓ,EL LITORAL DEL SAN JUAN,27250
12292,CHOCO,ISTMINA,27361,CHOCÓ,ISTMINA,27361
12325,CHOCO,JURADO,27372,CHOCÓ,JURADO,27372
11712,CHOCO,LLORO,27413,CHOCÓ,LLORO,27413
12194,CHOCO,MEDIO ATRATO,27425,CHOCÓ,MEDIO ATRATO,27425
12245,CHOCO,MEDIO BAUDO,27430,CHOCÓ,MEDIO BAUDO(Puerto Meluk),27430
11717,CHOCO,MEDIO SAN JUAN,27450,CHOCÓ,MEDIO SAN JUAN,27450
11589,CHOCO,NOVITA,27491,CHOCÓ,NOVITA,27491
11651,CHOCO,NUQUI,27495,CHOCÓ,NUQUI,27495
12659,CHOCO,QUIBDO,27001,CHOCÓ,QUIBDO,27001
12273,CHOCO,RIO IRO,27580,CHOCÓ,RIO IRO,27580
11628,CHOCO,RIO QUITO,27600,CHOCÓ,RIO QUITO,27600
12148,CHOCO,RIOSUCIO,27615,CHOCÓ,RIOSUCIO,27615
11893,CHOCO,SAN JOSE DEL PALMAR,27660,CHOCÓ,SAN JOSE DEL PALMAR,27660
11826,CHOCO,SIPI,27745,CHOCÓ,SIPI,27745
11803,CHOCO,TADO,27787,CHOCÓ,TADO,27787
11771,CHOCO,UNGUIA,27800,CHOCÓ,UNGUIA,27800
11632,CHOCO,UNION PANAMERICANA,27810,CHOCÓ,UNION PANAMERICANA,27810
12189,CORDOBA,AYAPEL,23068,CÓRDOBA,AYAPEL,23068
12329,CORDOBA,BUENAVISTA,23079,CÓRDOBA,BUENAVISTA,23079
11658,CORDOBA,CANALETE,23090,CÓRDOBA,CANALETE,23090
12272,CORDOBA,CERETE,23162,CÓRDOBA,CERETE,23162
12145,CORDOBA,CHIMA,23168,CÓRDOBA,CHIMA,23168
12192,CORDOBA,CHINU,23182,CÓRDOBA,CHINU,23182
11609,CORDOBA,CIENAGA DE ORO,23189,CÓRDOBA,CIENAGA DE ORO,23189
12095,CORDOBA,COTORRA,23300,CÓRDOBA,COTORRA,23300
11981,CORDOBA,LA APARTADA,23350,CÓRDOBA,LA APARTADA,23350
12345,CORDOBA,LORICA,23417,CÓRDOBA,LORICA,23417
12528,CORDOBA,LOS CORDOBAS,23419,CÓRDOBA,LOS CORDOBAS,23419
12623,CORDOBA,MOMIL,23464,CÓRDOBA,MOMIL,23464
12501,CORDOBA,MONITOS,23500,CÓRDOBA,MONITOS,23500
12324,CORDOBA,MONTELIBANO,23466,CÓRDOBA,MONTELIBANO,23466
12265,CORDOBA,MONTERIA,23001,CÓRDOBA,MONTERIA,23001
12146,CORDOBA,PLANETA RICA,23555,CÓRDOBA,PLANETA RICA,23555
12106,CORDOBA,PUEBLO NUEVO,23570,CÓRDOBA,PUEBLO NUEVO,23570
12219,CORDOBA,PUERTO ESCONDIDO,23574,CÓRDOBA,PUERTO ESCONDIDO,23574
12087,CORDOBA,PUERTO LIBERTADOR,23580,CÓRDOBA,PUERTO LIBERTADOR,23580
12491,CORDOBA,PURISIMA,23586,CÓRDOBA,PURISIMA,23586
12502,CORDOBA,SAHAGUN,23660,CÓRDOBA,SAHAGUN,23660
12465,CORDOBA,SAN ANDRES SOTAVENTO,23670,CÓRDOBA,SAN ANDRES DE SOTAVENTO,23670
11731,CORDOBA,SAN ANTERO,23672,CÓRDOBA,SAN ANTERO,23672
12564,CORDOBA,SAN BERNARDO DEL VIENTO,23675,CÓRDOBA,SAN BERNARDO DEL VIENTO,23675
12615,CORDOBA,SAN CARLOS,23678,CÓRDOBA,SAN CARLOS,23678
2,CÓRDOBA,SAN JOSE DE URE,23682,CÓRDOBA,SAN JOSE DE URE,23682
12432,CORDOBA,SAN PELAYO,23686,CÓRDOBA,SAN PELAYO,23686
11755,CORDOBA,TIERRALTA,23807,CÓRDOBA,TIERRALTA,23807
1,CÓRDOBA,TUCHIN,23815,CÓRDOBA,TUCHIN,23815
12120,CORDOBA,VALENCIA,23855,CÓRDOBA,VALENCIA,23855
11975,CUNDINAMARCA,AGUA DE DIOS,25001,CUNDINAMARCA,AGUA DE DIOS,25001
12577,CUNDINAMARCA,ALBAN,25019,CUNDINAMARCA,ALBAN,25019
12578,CUNDINAMARCA,ANAPOIMA,25035,CUNDINAMARCA,ANAPOIMA,25035
12627,CUNDINAMARCA,ANOLAIMA,25040,CUNDINAMARCA,ANOLAIMA,25040
12526,CUNDINAMARCA,APULO,25599,CUNDINAMARCA,APULO,25599
11914,CUNDINAMARCA,ARBELAEZ,25053,CUNDINAMARCA,ARBELAEZ,25053
12220,CUNDINAMARCA,BELTRAN,25086,CUNDINAMARCA,BELTRAN,25086
11855,CUNDINAMARCA,BITUIMA,25095,CUNDINAMARCA,BITUIMA,25095
12295,CUNDINAMARCA,SANTAFE DE BOGOTA,11001,CUNDINAMARCA,"BOGOTA, D.C.",11001
12233,CUNDINAMARCA,BOJACA,25099,CUNDINAMARCA,BOJACA,25099
11770,CUNDINAMARCA,CABRERA,25120,CUNDINAMARCA,CABRERA,25120
11789,CUNDINAMARCA,CACHIPAY,25123,CUNDINAMARCA,CACHIPAY,25123
12453,CUNDINAMARCA,CAJICA,25126,CUNDINAMARCA,CAJICA,25126
12177,CUNDINAMARCA,CAPARRAPI,25148,CUNDINAMARCA,CAPARRAPI,25148
11740,CUNDINAMARCA,CAQUEZA,25151,CUNDINAMARCA,CAQUEZA,25151
11741,CUNDINAMARCA,CARMEN DE CARUPA,25154,CUNDINAMARCA,CARMEN DE CARUPA,25154
11864,CUNDINAMARCA,CHAGUANI,25168,CUNDINAMARCA,CHAGUANI,25168
12394,CUNDINAMARCA,CHIA,25175,CUNDINAMARCA,CHIA,25175
12291,CUNDINAMARCA,CHIPAQUE,25178,CUNDINAMARCA,CHIPAQUE,25178
12658,CUNDINAMARCA,CHOACHI,25181,CUNDINAMARCA,CHOACHI,25181
11663,CUNDINAMARCA,CHOCONTA,25183,CUNDINAMARCA,CHOCONTA,25183
11696,CUNDINAMARCA,COGUA,25200,CUNDINAMARCA,COGUA,25200
12508,CUNDINAMARCA,COTA,25214,CUNDINAMARCA,COTA,25214
12118,CUNDINAMARCA,CUCUNUBA,25224,CUNDINAMARCA,CUCUNUBA,25224
11627,CUNDINAMARCA,EL COLEGIO,25245,CUNDINAMARCA,EL COLEGIO,25245
11829,CUNDINAMARCA,EL PENON,25258,CUNDINAMARCA,EL PENON,25258
12415,CUNDINAMARCA,EL ROSAL,25260,CUNDINAMARCA,EL ROSAL,25260
11998,CUNDINAMARCA,FACATATIVA,25269,CUNDINAMARCA,FACATATIVA,25269
12180,CUNDINAMARCA,FOMEQUE,25279,CUNDINAMARCA,FOMEQUE,25279
12121,CUNDINAMARCA,FOSCA,25281,CUNDINAMARCA,FOSCA,25281
12072,CUNDINAMARCA,FUNZA,25286,CUNDINAMARCA,FUNZA,25286
11860,CUNDINAMARCA,FUQUENE,25288,CUNDINAMARCA,FUQUENE,25288
12509,CUNDINAMARCA,FUSAGASUGA,25290,CUNDINAMARCA,FUSAGASUGA,25290
12466,CUNDINAMARCA,GACHALA,25293,CUNDINAMARCA,GACHALA,25293
12107,CUNDINAMARCA,GACHANCIPA,25295,CUNDINAMARCA,GACHANCIPA,25295
11957,CUNDINAMARCA,GACHETA,25297,CUNDINAMARCA,GACHETA,25297
11869,CUNDINAMARCA,GAMA,25299,CUNDINAMARCA,GAMA,25299
12410,CUNDINAMARCA,GIRARDOT,25307,CUNDINAMARCA,GIRARDOT,25307
12230,CUNDINAMARCA,GRANADA,25312,CUNDINAMARCA,GRANADA,25312
12082,CUNDINAMARCA,GUACHETA,25317,CUNDINAMARCA,GUACHETA,25317
12303,CUNDINAMARCA,GUADUAS,25320,CUNDINAMARCA,GUADUAS,25320
12454,CUNDINAMARCA,GUASCA,25322,CUNDINAMARCA,GUASCA,25322
12128,CUNDINAMARCA,GUATAQUI,25324,CUNDINAMARCA,GUATAQUI,25324
12588,CUNDINAMARCA,GUATAVITA,25326,CUNDINAMARCA,GUATAVITA,25326
11675,CUNDINAMARCA,GUAYABAL DE SIQUIMA,25328,CUNDINAMARCA,GUAYABAL DE SIQUIMA,25328
11976,CUNDINAMARCA,GUAYABETAL,25335,CUNDINAMARCA,GUAYABETAL,25335
12058,CUNDINAMARCA,GUTIERREZ,25339,CUNDINAMARCA,GUTIERREZ,25339
11694,CUNDINAMARCA,JERUSALEN,25368,CUNDINAMARCA,JERUSALEN,25368
12125,CUNDINAMARCA,JUNIN,25372,CUNDINAMARCA,JUNIN,25372
11601,CUNDINAMARCA,LA CALERA,25377,CUNDINAMARCA,LA CALERA,25377
12507,CUNDINAMARCA,LA MESA,25386,CUNDINAMARCA,LA MESA,25386
12254,CUNDINAMARCA,LA PALMA,25394,CUNDINAMARCA,LA PALMA,25394
12360,CUNDINAMARCA,LA PENA,25398,CUNDINAMARCA,LA PENA,25398
12335,CUNDINAMARCA,LA VEGA,25402,CUNDINAMARCA,LA VEGA,25402
12352,CUNDINAMARCA,LENGUAZAQUE,25407,CUNDINAMARCA,LENGUAZAQUE,25407
12599,CUNDINAMARCA,MACHETA,25426,CUNDINAMARCA,MACHETA,25426
12196,CUNDINAMARCA,MADRID,25430,CUNDINAMARCA,MADRID,25430
12076,CUNDINAMARCA,MANTA,25436,CUNDINAMARCA,MANTA,25436
12616,CUNDINAMARCA,MEDINA,25438,CUNDINAMARCA,MEDINA,25438
11711,CUNDINAMARCA,MOSQUERA,25473,CUNDINAMARCA,MOSQUERA,25473
11897,CUNDINAMARCA,NARINO,25480,CUNDINAMARCA,NARINO,25480
12522,CUNDINAMARCA,NEMOCON,25486,CUNDINAMARCA,NEMOCON,25486
11577,CUNDINAMARCA,NILO,25488,CUNDINAMARCA,NILO,25488
11774,CUNDINAMARCA,NIMAIMA,25489,CUNDINAMARCA,NIMAIMA,25489
12042,CUNDINAMARCA,NOCAIMA,25491,CUNDINAMARCA,NOCAIMA,25491
11962,CUNDINAMARCA,PACHO,25513,CUNDINAMARCA,PACHO,25513
11756,CUNDINAMARCA,PAIME,25518,CUNDINAMARCA,PAIME,25518
11977,CUNDINAMARCA,PANDI,25524,CUNDINAMARCA,PANDI,25524
11892,CUNDINAMARCA,PARATEBUENO,25530,CUNDINAMARCA,PARATEBUENO,25530
12016,CUNDINAMARCA,PASCA,25535,CUNDINAMARCA,PASCA,25535
12208,CUNDINAMARCA,PUERTO SALGAR,25572,CUNDINAMARCA,PUERTO SALGAR,25572
12515,CUNDINAMARCA,PULI,25580,CUNDINAMARCA,PULI,25580
11584,CUNDINAMARCA,QUEBRADANEGRA,25592,CUNDINAMARCA,QUEBRADANEGRA,25592
11999,CUNDINAMARCA,QUETAME,25594,CUNDINAMARCA,QUETAME,25594
12200,CUNDINAMARCA,QUIPILE,25596,CUNDINAMARCA,QUIPILE,25596
11676,CUNDINAMARCA,RICAURTE,25612,CUNDINAMARCA,RICAURTE,25612
11697,CUNDINAMARCA,SAN ANTONIO DEL TEQUENDAMA,25645,CUNDINAMARCA,SAN ANTONIO DEL TEQUENDAMA,25645
11716,CUNDINAMARCA,SAN BERNARDO,25649,CUNDINAMARCA,SAN BERNARDO,25649
11631,CUNDINAMARCA,SAN CAYETANO,25653,CUNDINAMARCA,SAN CAYETANO,25653
12645,CUNDINAMARCA,SAN FRANCISCO,25658,CUNDINAMARCA,SAN FRANCISCO,25658
12423,CUNDINAMARCA,SAN JUAN DE RIO SECO,25662,CUNDINAMARCA,SAN JUAN DE RIOSECO,25662
12459,CUNDINAMARCA,SASAIMA,25718,CUNDINAMARCA,SASAIMA,25718
12421,CUNDINAMARCA,SESQUILE,25736,CUNDINAMARCA,SESQUILE,25736
12356,CUNDINAMARCA,SIBATE,25740,CUNDINAMARCA,SIBATE,25740
12676,CUNDINAMARCA,SILVANIA,25743,CUNDINAMARCA,SILVANIA,25743
11677,CUNDINAMARCA,SIMIJACA,25745,CUNDINAMARCA,SIMIJACA,25745
12535,CUNDINAMARCA,SOACHA,25754,CUNDINAMARCA,SOACHA,25754
12450,CUNDINAMARCA,SOPO,25758,CUNDINAMARCA,SOPO,25758
11578,CUNDINAMARCA,SUBACHOQUE,25769,CUNDINAMARCA,SUBACHOQUE,25769
12064,CUNDINAMARCA,SUESCA,25772,CUNDINAMARCA,SUESCA,25772
12077,CUNDINAMARCA,SUPATA,25777,CUNDINAMARCA,SUPATA,25777
11700,CUNDINAMARCA,SUSA,25779,CUNDINAMARCA,SUSA,25779
12270,CUNDINAMARCA,SUTATAUSA,25781,CUNDINAMARCA,SUTATAUSA,25781
12108,CUNDINAMARCA,TABIO,25785,CUNDINAMARCA,TABIO,25785
11809,CUNDINAMARCA,TAUSA,25793,CUNDINAMARCA,TAUSA,25793
12567,CUNDINAMARCA,TENA,25797,CUNDINAMARCA,TENA,25797
12052,CUNDINAMARCA,TENJO,25799,CUNDINAMARCA,TENJO,25799
11950,CUNDINAMARCA,TIBACUY,25805,CUNDINAMARCA,TIBACUY,25805
12101,CUNDINAMARCA,TIBIRITA,25807,CUNDINAMARCA,TIBIRITA,25807
11763,CUNDINAMARCA,TOCAIMA,25815,CUNDINAMARCA,TOCAIMA,25815
11775,CUNDINAMARCA,TOCANCIPA,25817,CUNDINAMARCA,TOCANCIPA,25817
11643,CUNDINAMARCA,TOPAIPI,25823,CUNDINAMARCA,TOPAIPI,25823
12696,CUNDINAMARCA,UBALA,25839,CUNDINAMARCA,UBALA,25839
12059,CUNDINAMARCA,UBAQUE,25841,CUNDINAMARCA,UBAQUE,25841
12133,CUNDINAMARCA,VILLA DE SAN DIEGO DE UBATE,25843,CUNDINAMARCA,UBATE,25843
12211,CUNDINAMARCA,UNE,25845,CUNDINAMARCA,UNE,25845
12416,CUNDINAMARCA,UTICA,25851,CUNDINAMARCA,UTICA,25851
12193,CUNDINAMARCA,VENECIA,25506,CUNDINAMARCA,VENECIA,25506
11958,CUNDINAMARCA,VERGARA,25862,CUNDINAMARCA,VERGARA,25862
11887,CUNDINAMARCA,VIANI,25867,CUNDINAMARCA,VIANI,25867
11687,CUNDINAMARCA,VILLAGOMEZ,25871,CUNDINAMARCA,VILLAGOMEZ,25871
11622,CUNDINAMARCA,VILLAPINZON,25873,CUNDINAMARCA,VILLAPINZON,25873
12017,CUNDINAMARCA,VILLETA,25875,CUNDINAMARCA,VILLETA,25875
11579,CUNDINAMARCA,VIOTA,25878,CUNDINAMARCA,VIOTA,25878
11764,CUNDINAMARCA,YACOPI,25885,CUNDINAMARCA,YACOPI,25885
11873,CUNDINAMARCA,ZIPACON,25898,CUNDINAMARCA,ZIPACON,25898
12417,CUNDINAMARCA,ZIPAQUIRA,25899,CUNDINAMARCA,ZIPAQUIRA,25899
12048,GUAINIA,BARRANCO MINAS,94343,GUAINÍA,BARRANCO MINA,94343
12406,GUAINIA,CACAHUAL,94886,GUAINÍA,CACAHUAL,94886
11838,GUAINIA,PUERTO INIRIDA,94001,GUAINÍA,INIRIDA,94001
12309,GUAINIA,LA GUADALUPE,94885,GUAINÍA,LA GUADALUPE,94885
11783,GUAINIA,MAPIRIPANA,94663,GUAINÍA,MAPIRIPANA,94663
12244,GUAINIA,MORICHAL,94888,GUAINÍA,MORICHAL,94888
11648,GUAINIA,PANA PANA,94887,GUAINÍA,PANA-PANA,94887
12391,GUAINIA,PUERTO COLOMBIA,94884,GUAINÍA,PUERTO COLOMBIA,94884
12151,GUAINIA,SAN FELIPE,94883,GUAINÍA,SAN FELIPE,94883
11888,GUAVIARE,CALAMAR,95015,GUAVIARE,CALAMAR,95015
12138,GUAVIARE,EL RETORNO,95025,GUAVIARE,EL RETORNO,95025
12563,GUAVIARE,MIRAFLORES,95200,GUAVIARE,MIRAFLORES,95200
12475,GUAVIARE,SAN JOSE DEL GUAVIARE,95001,GUAVIARE,SAN JOSE DEL GUAVIARE,95001
12688,HUILA,ACEVEDO,41006,HUILA,ACEVEDO,41006
11874,HUILA,AGRADO,41013,HUILA,AGRADO,41013
12418,HUILA,AIPE,41016,HUILA,AIPE,41016
11989,HUILA,ALGECIRAS,41020,HUILA,ALGECIRAS,41020
11790,HUILA,ALTAMIRA,41026,HUILA,ALTAMIRA,41026
11682,HUILA,BARAYA,41078,HUILA,BARAYA,41078
11959,HUILA,CAMPOALEGRE,41132,HUILA,CAMPOALEGRE,41132
11750,HUILA,COLOMBIA,41206,HUILA,COLOMBIA,41206
11835,HUILA,ELIAS,41244,HUILA,ELIAS,41244
11836,HUILA,GARZON,41298,HUILA,GARZON,41298
12579,HUILA,GIGANTE,41306,HUILA,GIGANTE,41306
12225,HUILA,GUADALUPE,41319,HUILA,GUADALUPE,41319
12683,HUILA,HOBO,41349,HUILA,HOBO,41349
12022,HUILA,IQUIRA,41357,HUILA,IQUIRA,41357
12568,HUILA,ISNOS,41359,HUILA,ISNOS,41359
12147,HUILA,LA ARGENTINA,41378,HUILA,LA ARGENTINA,41378
12617,HUILA,LA PLATA,41396,HUILA,LA PLATA,41396
12660,HUILA,NATAGA,41483,HUILA,NATAGA,41483
11927,HUILA,NEIVA,41001,HUILA,NEIVA,41001
12424,HUILA,OPORAPA,41503,HUILA,OPORAPA,41503
12201,HUILA,PAICOL,41518,HUILA,PAICOL,41518
11757,HUILA,PALERMO,41524,HUILA,PALERMO,41524
12691,HUILA,PALESTINA,41530,HUILA,PALESTINA,41530
12202,HUILA,PITAL,41548,HUILA,PITAL,41548
12332,HUILA,PITALITO,41551,HUILA,PITALITO,41551
12628,HUILA,RIVERA,41615,HUILA,RIVERA,41615
12467,HUILA,SALADOBLANCO,41660,HUILA,SALADOBLANCO,41660
11990,HUILA,SAN AGUSTIN,41668,HUILA,SAN AGUSTIN,41668
12425,HUILA,SANTA MARIA,41676,HUILA,SANTA MARIA,41676
11814,HUILA,SUAZA,41770,HUILA,SUAZA,41770
12346,HUILA,TARQUI,41791,HUILA,TARQUI,41791
12319,HUILA,TELLO,41799,HUILA,TELLO,41799
11709,HUILA,TERUEL,41801,HUILA,TERUEL,41801
11776,HUILA,TESALIA,41797,HUILA,TESALIA,41797
12684,HUILA,TIMANA,41807,HUILA,TIMANA,41807
11856,HUILA,VILLAVIEJA,41872,HUILA,VILLAVIEJA,41872
12246,HUILA,YAGUARA,41885,HUILA,YAGUARA,41885
12122,LA GUAJIRA,ALBANIA,44035,LA GUAJIRA,ALBANIA,44035
12169,LA GUAJIRA,BARRANCAS,44078,LA GUAJIRA,BARRANCAS,44078
12433,LA GUAJIRA,DIBULLA,44090,LA GUAJIRA,DIBULLA,44090
11728,LA GUAJIRA,DISTRACCION,44098,LA GUAJIRA,DISTRACCION,44098
12252,LA GUAJIRA,EL MOLINO,44110,LA GUAJIRA,EL MOLINO,44110
11646,LA GUAJIRA,FONSECA,44279,LA GUAJIRA,FONSECA,44279
12516,LA GUAJIRA,HATONUEVO,44378,LA GUAJIRA,HATONUEVO,44378
11951,LA GUAJIRA,LA JAGUA DEL PILAR,44420,LA GUAJIRA,LA JAGUA DEL PILAR,44420
11664,LA GUAJIRA,MAICAO,44430,LA GUAJIRA,MAICAO,44430
11760,LA GUAJIRA,MANAURE,44560,LA GUAJIRA,MANAURE,44560
12405,LA GUAJIRA,RIOHACHA,44001,LA GUAJIRA,RIOHACHA,44001
12161,LA GUAJIRA,SAN JUAN DEL CESAR,44650,LA GUAJIRA,SAN JUAN DEL CESAR,44650
12552,LA GUAJIRA,URIBIA,44847,LA GUAJIRA,URIBIA,44847
12060,LA GUAJIRA,URUMITA,44855,LA GUAJIRA,URUMITA,44855
12580,LA GUAJIRA,VILLANUEVA,44874,LA GUAJIRA,VILLANUEVA,44874
11798,MAGDALENA,ALGARROBO,47030,MAGDALENA,ALGARROBO,47030
11683,MAGDALENA,ARACATACA,47053,MAGDALENA,ARACATACA,47053
12023,MAGDALENA,ARIGUANI,47058,MAGDALENA,ARIGUANI,47058
12285,MAGDALENA,CERRO SAN ANTONIO,47161,MAGDALENA,CERRO DE SAN ANTONIO,47161
12482,MAGDALENA,CHIBOLO,47170,MAGDALENA,CHIVOLO,47170
12438,MAGDALENA,CIENAGA,47189,MAGDALENA,CIENAGA,47189
11849,MAGDALENA,CONCORDIA,47205,MAGDALENA,CONCORDIA,47205
11732,MAGDALENA,EL BANCO,47245,MAGDALENA,EL BANCO,47245
12069,MAGDALENA,EL PINON,47258,MAGDALENA,EL PINON,47258
11580,MAGDALENA,EL RETEN,47268,MAGDALENA,EL RETEN,47268
12336,MAGDALENA,FUNDACION,47288,MAGDALENA,FUNDACION,47288
12005,MAGDALENA,GUAMAL,47318,MAGDALENA,GUAMAL,47318
11984,MAGDALENA,NUEVA GRANADA,47460,MAGDALENA,NUEVA GRANADA,47460
12274,MAGDALENA,PEDRAZA,47541,MAGDALENA,PEDRAZA,47541
11823,MAGDALENA,PIJINO DEL CARMEN,47545,MAGDALENA,PIJINO DEL CARMEN,47545
12126,MAGDALENA,PIVIJAY,47551,MAGDALENA,PIVIJAY,47551
12492,MAGDALENA,PLATO,47555,MAGDALENA,PLATO,47555
11978,MAGDALENA,PUEBLOVIEJO,47570,MAGDALENA,PUEBLOVIEJO,47570
12203,MAGDALENA,REMOLINO,47605,MAGDALENA,REMOLINO,47605
12204,MAGDALENA,SABANAS DE SAN ANGEL,47660,MAGDALENA,SABANAS DE SAN ANGEL,47660
11718,MAGDALENA,SALAMINA,47675,MAGDALENA,SALAMINA,47675
12553,MAGDALENA,SAN SEBASTIAN DE BUENAVISTA,47692,MAGDALENA,SAN SEBASTIAN DE BUENAVISTA,47692
11725,MAGDALENA,SAN ZENON,47703,MAGDALENA,SAN ZENON,47703
12455,MAGDALENA,SANTA ANA,47707,MAGDALENA,SANTA ANA,47707
11590,MAGDALENA,SANTA BARBARA DE PINTO,47720,MAGDALENA,SANTA BARBARA DE PINTO,47720
11670,MAGDALENA,SANTA MARTA,47001,MAGDALENA,SANTA MARTA,47001
12267,MAGDALENA,SITIONUEVO,47745,MAGDALENA,SITIONUEVO,47745
12353,MAGDALENA,TENERIFE,47798,MAGDALENA,TENERIFE,47798
12083,MAGDALENA,ZAPAYAN,47960,MAGDALENA,ZAPAYAN,47960
11780,MAGDALENA,ZONA BANANERA,47980,MAGDALENA,ZONA BANANERA,47980
12026,META,ACACIAS,50006,META,ACACIAS,50006
12400,META,BARRANCA DE UPIA,50110,META,BARRANCA DE UPIA,50110
12333,META,CABUYARO,50124,META,CABUYARO,50124
12461,META,CASTILLA LA NUEVA,50150,META,CASTILLA LA NUEVA,50150
11804,META,CUBARRAL,50223,META,CUBARRAL,50223
12607,META,CUMARAL,50226,META,CUMARAL,50226
12434,META,EL CALVARIO,50245,META,EL CALVARIO,50245
12536,META,EL CASTILLO,50251,META,EL CASTILLO,50251
12212,META,EL DORADO,50270,META,EL DORADO,50270
11908,META,FUENTE DE ORO,50287,META,FUENTE DE ORO,50287
11737,META,GRANADA,50313,META,GRANADA,50313
12555,META,GUAMAL,50318,META,GUAMAL,50318
12268,META,LA MACARENA,50350,META,LA MACARENA,50350
11805,META,LEJANIAS,50400,META,LEJANIAS,50400
11898,META,MAPIRIPAN,50325,META,MAPIRIPAN,50325
11688,META,MESETAS,50330,META,MESETAS,50330
11744,META,PUERTO CONCORDIA,50450,META,PUERTO CONCORDIA,50450
11800,META,PUERTO GAITAN,50568,META,PUERTO GAITAN,50568
12388,META,PUERTO LLERAS,50577,META,PUERTO LLERAS,50577
12556,META,PUERTO LOPEZ,50573,META,PUERTO LOPEZ,50573
11875,META,PUERTO RICO,50590,META,PUERTO RICO,50590
12608,META,RESTREPO,50606,META,RESTREPO,50606
11982,META,SAN CARLOS DE GUAROA,50680,META,SAN CARLOS DE GUAROA,50680
11791,META,SAN JUAN DE ARAMA,50683,META,SAN JUAN DE ARAMA,50683
12293,META,SAN JUANITO,50686,META,SAN JUANITO,50686
11610,META,SAN MARTIN,50689,META,SAN MARTIN,50689
12652,META,URIBE,50370,META,URIBE,50370
12312,META,VILLAVICENCIO,50001,META,VILLAVICENCIO,50001
12395,META,VISTAHERMOSA,50711,META,VISTAHERMOSA,50711
12692,NARINO,ALBAN,52019,NARIÑO,ALBAN,52019
12557,NARINO,ALDANA,52022,NARIÑO,ALDANA,52022
12119,NARINO,ANCUYA,52036,NARIÑO,ANCUYA,52036
12213,NARINO,ARBOLEDA,52051,NARIÑO,ARBOLEDA,52051
11639,NARINO,BARBACOAS,52079,NARIÑO,BARBACOAS,52079
12149,NARINO,BELEN,52083,NARIÑO,BELEN,52083
12468,NARINO,BUESACO,52110,NARIÑO,BUESACO,52110
12044,NARINO,CHACHAGUI,52240,NARIÑO,CHACHAGUI,52240
11792,NARINO,COLON,52203,NARIÑO,COLON,52203
12493,NARINO,CONSACA,52207,NARIÑO,CONSACA,52207
12018,NARINO,CONTADERO,52210,NARIÑO,CONTADERO,52210
12347,NARINO,CORDOBA,52215,NARIÑO,CORDOBA,52215
12661,NARINO,CUASPUD,52224,NARIÑO,CUASPUD,52224
12036,NARINO,CUMBAL,52227,NARIÑO,CUMBAL,52227
12670,NARINO,CUMBITARA,52233,NARIÑO,CUMBITARA,52233
11733,NARINO,EL CHARCO,52250,NARIÑO,EL CHARCO,52250
11602,NARINO,EL PENOL,52254,NARIÑO,EL PENOL,52254
11882,NARINO,EL ROSARIO,52256,NARIÑO,EL ROSARIO,52256
12088,NARINO,EL TABLON DE GOMEZ,52258,NARIÑO,EL TABLON,52258
12549,NARINO,EL TAMBO,52260,NARIÑO,EL TAMBO,52260
12179,NARINO,FRANCISCO PIZARRO,52520,NARIÑO,FRANCISCO PIZARRO,52520
11684,NARINO,FUNES,52287,NARIÑO,FUNES,52287
12170,NARINO,GUACHUCAL,52317,NARIÑO,GUACHUCAL,52317
12326,NARINO,GUAITARILLA,52320,NARIÑO,GUAITARILLA,52320
11660,NARINO,GUALMATAN,52323,NARIÑO,GUALMATAN,52323
11607,NARINO,ILES,52352,NARIÑO,ILES,52352
12382,NARINO,IMUES,52354,NARIÑO,IMUES,52354
12031,NARINO,IPIALES,52356,NARIÑO,IPIALES,52356
12494,NARINO,LA CRUZ,52378,NARIÑO,LA CRUZ,52378
12171,NARINO,LA FLORIDA,52381,NARIÑO,LA FLORIDA,52381
12558,NARINO,LA LLANADA,52385,NARIÑO,LA LLANADA,52385
11970,NARINO,LA TOLA,52390,NARIÑO,LA TOLA,52390
12320,NARINO,LA UNION,52399,NARIÑO,LA UNION,52399
11943,NARINO,LEIVA,52405,NARIÑO,LEIVA,52405
12084,NARINO,LINARES,52411,NARIÑO,LINARES,52411
12618,NARINO,LOS ANDES,52418,NARIÑO,LOS ANDES,52418
12677,NARINO,MAGUI,52427,NARIÑO,MAGUI,52427
12533,NARINO,MALLAMA,52435,NARIÑO,MALLAMA,52435
12019,NARINO,MOSQUERA,52473,NARIÑO,MOSQUERA,52473
11944,NARINO,NARINO,52480,NARIÑO,NARINO,52480
12375,NARINO,OLAYA HERRERA,52490,NARIÑO,OLAYA HERRERA,52490
12689,NARINO,OSPINA,52506,NARIÑO,OSPINA,52506
12214,NARINO,PASTO,52001,NARIÑO,PASTO,52001
11640,NARINO,POLICARPA,52540,NARIÑO,POLICARPA,52540
11644,NARINO,POTOSI,52560,NARIÑO,POTOSI,52560
12103,NARINO,PROVIDENCIA,52565,NARIÑO,PROVIDENCIA,52565
11613,NARINO,PUERRES,52573,NARIÑO,PUERRES,52573
12357,NARINO,PUPIALES,52585,NARIÑO,PUPIALES,52585
12685,NARINO,RICAURTE,52612,NARIÑO,RICAURTE,52612
12000,NARINO,ROBERTO PAYAN,52621,NARIÑO,ROBERTO PAYAN,52621
12600,NARINO,SAMANIEGO,52678,NARIÑO,SAMANIEGO,52678
12462,NARINO,SAN BERNARDO,52685,NARIÑO,SAN BERNARDO,52685
12634,NARINO,SAN LORENZO,52687,NARIÑO,SAN LORENZO,52687
11815,NARINO,SAN PABLO,52693,NARIÑO,SAN PABLO,52693
11652,NARINO,SAN PEDRO DE CARTAGO,52694,NARIÑO,SAN PEDRO DE CARTAGO,52694
11857,NARINO,SANDONA,52683,NARIÑO,SANDONA,52683
12544,NARINO,SANTA BARBARA,52696,NARIÑO,SANTA BARBARA,52696
11915,NARINO,SANTACRUZ,52699,NARIÑO,SANTA CRUZ,52699
11865,NARINO,SAPUYES,52720,NARIÑO,SAPUYES,52720
12396,NARINO,TAMINANGO,52786,NARIÑO,TAMINANGO,52786
12550,NARINO,TANGUA,52788,NARIÑO,TANGUA,52788
11810,NARINO,SAN ANDRES DE TUMACO,52835,NARIÑO,TUMACO,52835
12109,NARINO,TUQUERRES,52838,NARIÑO,TUQUERRES,52838
12256,NARINO,YACUANQUER,52885,NARIÑO,YACUANQUER,52885
12110,NORTE DE SANTANDER,ABREGO,54003,NORTE DE SANTANDER,ABREGO,54003
11719,NORTE DE SANTANDER,ARBOLEDAS,54051,NORTE DE SANTANDER,ARBOLEDAS,54051
12134,NORTE DE SANTANDER,BOCHALEMA,54099,NORTE DE SANTANDER,BOCHALEMA,54099
12286,NORTE DE SANTANDER,BUCARASICA,54109,NORTE DE SANTANDER,BUCARASICA,54109
12304,NORTE DE SANTANDER,CACHIRA,54128,NORTE DE SANTANDER,CACHIRA,54128
12479,NORTE DE SANTANDER,CACOTA,54125,NORTE DE SANTANDER,CACOTA,54125
12653,NORTE DE SANTANDER,CHINACOTA,54172,NORTE DE SANTANDER,CHINACOTA,54172
11894,NORTE DE SANTANDER,CHITAGA,54174,NORTE DE SANTANDER,CHITAGA,54174
11971,NORTE DE SANTANDER,CONVENCION,54206,NORTE DE SANTANDER,CONVENCION,54206
12376,NORTE DE SANTANDER,CUCUTA,54001,NORTE DE SANTANDER,CUCUTA,54001
12275,NORTE DE SANTANDER,CUCUTILLA,54223,NORTE DE SANTANDER,CUCUTILLA,54223
12150,NORTE DE SANTANDER,DURANIA,54239,NORTE DE SANTANDER,DURANIA,54239
12480,NORTE DE SANTANDER,EL CARMEN,54245,NORTE DE SANTANDER,EL CARMEN,54245
11713,NORTE DE SANTANDER,EL TARRA,54250,NORTE DE SANTANDER,EL TARRA,54250
12562,NORTE DE SANTANDER,EL ZULIA,54261,NORTE DE SANTANDER,EL ZULIA,54261
12215,NORTE DE SANTANDER,GRAMALOTE,54313,NORTE DE SANTANDER,GRAMALOTE,54313
11665,NORTE DE SANTANDER,HACARI,54344,NORTE DE SANTANDER,HACARI,54344
11806,NORTE DE SANTANDER,HERRAN,54347,NORTE DE SANTANDER,HERRAN,54347
11726,NORTE DE SANTANDER,LA ESPERANZA,54385,NORTE DE SANTANDER,LA ESPERANZA,54385
11765,NORTE DE SANTANDER,LA PLAYA,54398,NORTE DE SANTANDER,LA PLAYA,54398
11581,NORTE DE SANTANDER,LABATECA,54377,NORTE DE SANTANDER,LABATECA,54377
12671,NORTE DE SANTANDER,LOS PATIOS,54405,NORTE DE SANTANDER,LOS PATIOS,54405
12446,NORTE DE SANTANDER,LOURDES,54418,NORTE DE SANTANDER,LOURDES,54418
11671,NORTE DE SANTANDER,MUTISCUA,54480,NORTE DE SANTANDER,MUTISCUA,54480
12517,NORTE DE SANTANDER,OCANA,54498,NORTE DE SANTANDER,OCANA,54498
12172,NORTE DE SANTANDER,PAMPLONA,54518,NORTE DE SANTANDER,PAMPLONA,54518
11816,NORTE DE SANTANDER,PAMPLONITA,54520,NORTE DE SANTANDER,PAMPLONITA,54520
12039,NORTE DE SANTANDER,PUERTO SANTANDER,54553,NORTE DE SANTANDER,PUERTO SANTANDER,54553
11666,NORTE DE SANTANDER,RAGONVALIA,54599,NORTE DE SANTANDER,RAGONVALIA,54599
12260,NORTE DE SANTANDER,SALAZAR,54660,NORTE DE SANTANDER,SALAZAR,54660
12456,NORTE DE SANTANDER,SAN CALIXTO,54670,NORTE DE SANTANDER,SAN CALIXTO,54670
12545,NORTE DE SANTANDER,SAN CAYETANO,54673,NORTE DE SANTANDER,SAN CAYETANO,54673
12173,NORTE DE SANTANDER,SANTIAGO,54680,NORTE DE SANTANDER,SANTIAGO,54680
12276,NORTE DE SANTANDER,SARDINATA,54720,NORTE DE SANTANDER,SARDINATA,54720
12241,NORTE DE SANTANDER,SILOS,54743,NORTE DE SANTANDER,SILOS,54743
11742,NORTE DE SANTANDER,TEORAMA,54800,NORTE DE SANTANDER,TEORAMA,54800
12342,NORTE DE SANTANDER,TIBU,54810,NORTE DE SANTANDER,TIBU,54810
11730,NORTE DE SANTANDER,TOLEDO,54820,NORTE DE SANTANDER,TOLEDO,54820
12249,NORTE DE SANTANDER,VILLA CARO,54871,NORTE DE SANTANDER,VILLA CARO,54871
12439,NORTE DE SANTANDER,VILLA DEL ROSARIO,54874,NORTE DE SANTANDER,VILLA DEL ROSARIO,54874
12637,PUTUMAYO,COLON,86219,PUTUMAYO,COLON,86219
11603,PUTUMAYO,MOCOA,86001,PUTUMAYO,MOCOA,86001
12457,PUTUMAYO,ORITO,86320,PUTUMAYO,ORITO,86320
12112,PUTUMAYO,PUERTO ASIS,86568,PUTUMAYO,PUERTO ASIS,86568
11661,PUTUMAYO,PUERTO CAICEDO,86569,PUTUMAYO,PUERTO CAICEDO,86569
12028,PUTUMAYO,PUERTO GUZMAN,86571,PUTUMAYO,PUERTO GUZMAN,86571
11727,PUTUMAYO,LEGUIZAMO,86573,PUTUMAYO,PUERTO LEGUIZAMO,86573
11767,PUTUMAYO,SAN FRANCISCO,86755,PUTUMAYO,SAN FRANCISCO,86755
12092,PUTUMAYO,SAN MIGUEL,86757,PUTUMAYO,SAN MIGUEL,86757
12569,PUTUMAYO,SANTIAGO,86760,PUTUMAYO,SANTIAGO,86760
12113,PUTUMAYO,SIBUNDOY,86749,PUTUMAYO,SIBUNDOY,86749
11973,PUTUMAYO,VALLE DEL GUAMUEZ,86865,PUTUMAYO,VALLE DEL GUAMUEZ,86865
12643,PUTUMAYO,VILLAGARZON,86885,PUTUMAYO,VILLAGARZON,86885
11701,QUINDIO,ARMENIA,63001,QUINDÍO,ARMENIA,63001
11985,QUINDIO,BUENAVISTA,63111,QUINDÍO,BUENAVISTA,63111
11842,QUINDIO,CALARCA,63130,QUINDÍO,CALARCA,63130
12371,QUINDIO,CIRCASIA,63190,QUINDÍO,CIRCASIA,63190
12040,QUINDIO,CORDOBA,63212,QUINDÍO,CORDOBA,63212
11672,QUINDIO,FILANDIA,63272,QUINDÍO,FILANDIA,63272
12411,QUINDIO,GENOVA,63302,QUINDÍO,GENOVA,63302
11647,QUINDIO,LA TEBAIDA,63401,QUINDÍO,LA TEBAIDA,63401
12581,QUINDIO,MONTENEGRO,63470,QUINDÍO,MONTENEGRO,63470
12682,QUINDIO,PIJAO,63548,QUINDÍO,PIJAO,63548
12234,QUINDIO,QUIMBAYA,63594,QUINDÍO,QUIMBAYA,63594
11678,QUINDIO,SALENTO,63690,QUINDÍO,SALENTO,63690
11963,RISARALDA,APIA,66045,RISARALDA,APIA,66045
12257,RISARALDA,BALBOA,66075,RISARALDA,BALBOA,66075
11850,RISARALDA,BELEN DE UMBRIA,66088,RISARALDA,BELEN DE UMBRIA,66088
12518,RISARALDA,DOSQUEBRADAS,66170,RISARALDA,DOSQUEBRADAS,66170
12426,RISARALDA,GUATICA,66318,RISARALDA,GUATICA,66318
11870,RISARALDA,LA CELIA,66383,RISARALDA,LA CELIA,66383
12174,RISARALDA,LA VIRGINIA,66400,RISARALDA,LA VIRGINIA,66400
12546,RISARALDA,MARSELLA,66440,RISARALDA,MARSELLA,66440
12662,RISARALDA,MISTRATO,66456,RISARALDA,MISTRATO,66456
11928,RISARALDA,PEREIRA,66001,RISARALDA,PEREIRA,66001
12354,RISARALDA,PUEBLO RICO,66572,RISARALDA,PUEBLO RICO,66572
11598,RISARALDA,QUINCHIA,66594,RISARALDA,QUINCHIA,66594
12355,RISARALDA,SANTA ROSA DE CABAL,66682,RISARALDA,SANTA ROSA DE CABAL,66682
12672,RISARALDA,SANTUARIO,66687,RISARALDA,SANTUARIO,66687
12697,SAN ANDRES Y PROVIDECIA,PROVIDENCIA,88564,SAN ANDRÉS PROVIDENCIA Y SANTA CATALINA,PROVIDENCIA,88564
12020,ARCHIPIELAGO DE SAN ANDRES,SAN ANDRES,88001,SAN ANDRÉS PROVIDENCIA Y SANTA CATALINA,SAN ANDRES,88001
12698,SAN ANDRES Y PROVIDECIA,SANTA CATALINA,88564,SAN ANDRÉS PROVIDENCIA Y SANTA CATALINA,SANTA CATALINA,88564
11979,SANTANDER,AGUADA,68013,SANTANDER,AGUADA,68013
11659,SANTANDER,ALBANIA,68020,SANTANDER,ALBANIA,68020
11824,SANTANDER,ARATOCA,68051,SANTANDER,ARATOCA,68051
11847,SANTANDER,BARBOSA,68077,SANTANDER,BARBOSA,68077
11883,SANTANDER,BARICHARA,68079,SANTANDER,BARICHARA,68079
11991,SANTANDER,BARRANCABERMEJA,68081,SANTANDER,BARRANCABERMEJA,68081
11972,SANTANDER,BETULIA,68092,SANTANDER,BETULIA,68092
11777,SANTANDER,BOLIVAR,68101,SANTANDER,BOLIVAR,68101
12589,SANTANDER,BUCARAMANGA,68001,SANTANDER,BUCARAMANGA,68001
12673,SANTANDER,CABRERA,68121,SANTANDER,CABRERA,68121
12445,SANTANDER,CALIFORNIA,68132,SANTANDER,CALIFORNIA,68132
12096,SANTANDER,CAPITANEJO,68147,SANTANDER,CAPITANEJO,68147
12348,SANTANDER,CARCASI,68152,SANTANDER,CARCASI,68152
12383,SANTANDER,CEPITA,68160,SANTANDER,CEPITA,68160
12451,SANTANDER,CERRITO,68162,SANTANDER,CERRITO,68162
11964,SANTANDER,CHARALA,68167,SANTANDER,CHARALA,68167
12358,SANTANDER,CHARTA,68169,SANTANDER,CHARTA,68169
12639,SANTANDER,CHIMA,68176,SANTANDER,CHIMA,68176
11986,SANTANDER,CHIPATA,68179,SANTANDER,CHIPATA,68179
12372,SANTANDER,CIMITARRA,68190,SANTANDER,CIMITARRA,68190
11667,SANTANDER,CONCEPCION,68207,SANTANDER,CONCEPCION,68207
12065,SANTANDER,CONFINES,68209,SANTANDER,CONFINES,68209
12197,SANTANDER,CONTRATACION,68211,SANTANDER,CONTRATACION,68211
12635,SANTANDER,COROMORO,68217,SANTANDER,COROMORO,68217
11866,SANTANDER,CURITI,68229,SANTANDER,CURITI,68229
11929,SANTANDER,EL CARMEN DE CHUCURI,68235,SANTANDER,EL CARMEN,68235
12559,SANTANDER,EL GUACAMAYO,68245,SANTANDER,EL GUACAMAYO,68245
12111,SANTANDER,EL PENON,68250,SANTANDER,EL PENON,68250
12085,SANTANDER,EL PLAYON,68255,SANTANDER,EL PLAYON,68255
11619,SANTANDER,ENCINO,68264,SANTANDER,ENCINO,68264
11761,SANTANDER,ENCISO,68266,SANTANDER,ENCISO,68266
12129,SANTANDER,FLORIAN,68271,SANTANDER,FLORIAN,68271
11932,SANTANDER,FLORIDABLANCA,68276,SANTANDER,FLORIDABLANCA,68276
12663,SANTANDER,GALAN,68296,SANTANDER,GALAN,68296
12693,SANTANDER,GAMBITA,68298,SANTANDER,GAMBITA,68298
12078,SANTANDER,GIRON,68307,SANTANDER,GIRON,68307
11738,SANTANDER,GUACA,68318,SANTANDER,GUACA,68318
11641,SANTANDER,GUADALUPE,68320,SANTANDER,GUADALUPE,68320
11653,SANTANDER,GUAPOTA,68322,SANTANDER,GUAPOTA,68322
12361,SANTANDER,GUAVATA,68324,SANTANDER,GUAVATA,68324
12104,SANTANDER,GUEPSA,68327,SANTANDER,GUEPSA,68327
11843,SANTANDER,HATO,68344,SANTANDER,HATO,68344
12636,SANTANDER,JESUS MARIA,68368,SANTANDER,JESUS MARIA,68368
12287,SANTANDER,JORDAN,68370,SANTANDER,JORDAN,68370
11689,SANTANDER,LA BELLEZA,68377,SANTANDER,LA BELLEZA,68377
11876,SANTANDER,LA PAZ,68397,SANTANDER,LA PAZ,68397
12523,SANTANDER,LANDAZURI,68385,SANTANDER,LANDAZURI,68385
12646,SANTANDER,LEBRIJA,68406,SANTANDER,LEBRIJA,68406
12678,SANTANDER,LOS SANTOS,68418,SANTANDER,LOS SANTOS,68418
12519,SANTANDER,MACARAVITA,68425,SANTANDER,MACARAVITA,68425
11909,SANTANDER,MALAGA,68432,SANTANDER,MALAGA,68432
11608,SANTANDER,MATANZA,68444,SANTANDER,MATANZA,68444
12297,SANTANDER,MOGOTES,68464,SANTANDER,MOGOTES,68464
11867,SANTANDER,MOLAGAVITA,68468,SANTANDER,MOLAGAVITA,68468
11575,SANTANDER,OCAMONTE,68498,SANTANDER,OCAMONTE,68498
12271,SANTANDER,OIBA,68500,SANTANDER,OIBA,68500
12009,SANTANDER,ONZAGA,68502,SANTANDER,ONZAGA,68502
12261,SANTANDER,PALMAR,68522,SANTANDER,PALMAR,68522
12362,SANTANDER,PALMAS DEL SOCORRO,68524,SANTANDER,PALMAS DEL SOCORRO,68524
12137,SANTANDER,PARAMO,68533,SANTANDER,PARAMO,68533
12198,SANTANDER,PIEDECUESTA,68547,SANTANDER,PIEDECUESTA,68547
11817,SANTANDER,PINCHOTE,68549,SANTANDER,PINCHOTE,68549
12337,SANTANDER,PUENTE NACIONAL,68572,SANTANDER,PUENTE NACIONAL,68572
12349,SANTANDER,PUERTO PARRA,68573,SANTANDER,PUERTO PARRA,68573
12440,SANTANDER,PUERTO WILCHES,68575,SANTANDER,PUERTO WILCHES,68575
12298,SANTANDER,RIONEGRO,68615,SANTANDER,RIONEGRO,68615
12277,SANTANDER,SABANA DE TORRES,68655,SANTANDER,SABANA DE TORRES,68655
11745,SANTANDER,SAN ANDRES,68669,SANTANDER,SAN ANDRES,68669
12010,SANTANDER,SAN BENITO,68673,SANTANDER,SAN BENITO,68673
12537,SANTANDER,SAN GIL,68679,SANTANDER,SAN GIL,68679
12190,SANTANDER,SAN JOAQUIN,68682,SANTANDER,SAN JOAQUIN,68682
11858,SANTANDER,SAN JOSE DE MIRANDA,68684,SANTANDER,SAN JOSE DE MIRANDA,68684
11679,SANTANDER,SAN MIGUEL,68686,SANTANDER,SAN MIGUEL,68686
11633,SANTANDER,SAN VICENTE DE CHUCURI,68689,SANTANDER,SAN VICENTE DE CHUCURI,68689
11899,SANTANDER,SANTA BARBARA,68705,SANTANDER,SANTA BARBARA,68705
12582,SANTANDER,SANTA HELENA DEL OPON,68720,SANTANDER,SANTA HELENA DEL OPON,68720
12389,SANTANDER,SIMACOTA,68745,SANTANDER,SIMACOTA,68745
11837,SANTANDER,SOCORRO,68755,SANTANDER,SOCORRO,68755
12338,SANTANDER,SUAITA,68770,SANTANDER,SUAITA,68770
12510,SANTANDER,SUCRE,68773,SANTANDER,SUCRE,68773
12097,SANTANDER,SURATA,68780,SANTANDER,SURATA,68780
11945,SANTANDER,TONA,68820,SANTANDER,TONA,68820
11695,SANTANDER,VALLE DE SAN JOSE,68855,SANTANDER,VALLE DE SAN JOSE,68855
12498,SANTANDER,VELEZ,68861,SANTANDER,VELEZ,68861
12278,SANTANDER,VETAS,68867,SANTANDER,VETAS,68867
11614,SANTANDER,VILLANUEVA,68872,SANTANDER,VILLANUEVA,68872
12412,SANTANDER,ZAPATOCA,68895,SANTANDER,ZAPATOCA,68895
11599,SUCRE,BUENAVISTA,70110,SUCRE,BUENAVISTA,70110
12679,SUCRE,CAIMITO,70124,SUCRE,CAIMITO,70124
12041,SUCRE,CHALAN,70230,SUCRE,CHALAN,70230
11702,SUCRE,COLOSO,70204,SUCRE,COLOSO,70204
12011,SUCRE,COROZAL,70215,SUCRE,COROZAL,70215
11877,SUCRE,COVENAS,70221,SUCRE,COVENAS,70221
11680,SUCRE,EL ROBLE,70233,SUCRE,EL ROBLE,70233
12006,SUCRE,GALERAS,70235,SUCRE,GALERAS,70235
11582,SUCRE,GUARANDA,70265,SUCRE,GUARANDA,70265
12666,SUCRE,LA UNION,70400,SUCRE,LA UNION,70400
11878,SUCRE,LOS PALMITOS,70418,SUCRE,LOS PALMITOS,70418
12529,SUCRE,MAJAGUAL,70429,SUCRE,MAJAGUAL,70429
12377,SUCRE,MORROA,70473,SUCRE,MORROA,70473
11980,SUCRE,OVEJAS,70508,SUCRE,OVEJAS,70508
12012,SUCRE,PALMITO,70523,SUCRE,PALMITO,70523
12098,SUCRE,SAMPUES,70670,SUCRE,SAMPUES,70670
11879,SUCRE,SAN BENITO ABAD,70678,SUCRE,SAN BENITO ABAD,70678
12513,SUCRE,SAN JUAN DE BETULIA,70702,SUCRE,SAN JUAN DE BETULIA,70702
12590,SUCRE,SAN MARCOS,70708,SUCRE,SAN MARCOS,70708
11793,SUCRE,SAN ONOFRE,70713,SUCRE,SAN ONOFRE,70713
12343,SUCRE,SAN PEDRO,70717,SUCRE,SAN PEDRO,70717
11591,SUCRE,SAN LUIS DE SINCE,70742,SUCRE,SINCE,70742
12288,SUCRE,SINCELEJO,70001,SUCRE,SINCELEJO,70001
12520,SUCRE,SUCRE,70771,SUCRE,SUCRE,70771
12221,SUCRE,SANTIAGO DE TOLU,70820,SUCRE,TOLU,70820
12001,SUCRE,TOLU VIEJO,70823,SUCRE,TOLUVIEJO,70823
12585,TOLIMA,ALPUJARRA,73024,TOLIMA,ALPUJARRA,73024
12483,TOLIMA,ALVARADO,73026,TOLIMA,ALVARADO,73026
12686,TOLIMA,AMBALEMA,73030,TOLIMA,AMBALEMA,73030
11818,TOLIMA,ANZOATEGUI,73043,TOLIMA,ANZOATEGUI,73043
12242,TOLIMA,ARMERO,73055,TOLIMA,ARMERO,73055
11933,TOLIMA,ATACO,73067,TOLIMA,ATACO,73067
11615,TOLIMA,CAJAMARCA,73124,TOLIMA,CAJAMARCA,73124
11910,TOLIMA,CARMEN DE APICALA,73148,TOLIMA,CARMEN DE APICALA,73148
12667,TOLIMA,CASABIANCA,73152,TOLIMA,CASABIANCA,73152
11861,TOLIMA,CHAPARRAL,73168,TOLIMA,CHAPARRAL,73168
12674,TOLIMA,COELLO,73200,TOLIMA,COELLO,73200
11880,TOLIMA,COYAIMA,73217,TOLIMA,COYAIMA,73217
12226,TOLIMA,CUNDAY,73226,TOLIMA,CUNDAY,73226
12175,TOLIMA,DOLORES,73236,TOLIMA,DOLORES,73236
12469,TOLIMA,ESPINAL,73268,TOLIMA,ESPINAL,73268
12560,TOLIMA,FALAN,73270,TOLIMA,FALAN,73270
12247,TOLIMA,FLANDES,73275,TOLIMA,FLANDES,73275
12470,TOLIMA,FRESNO,73283,TOLIMA,FRESNO,73283
12530,TOLIMA,GUAMO,73319,TOLIMA,GUAMO,73319
12593,TOLIMA,HERVEO,73347,TOLIMA,HERVEO,73347
12313,TOLIMA,HONDA,73349,TOLIMA,HONDA,73349
12013,TOLIMA,IBAGUE,73001,TOLIMA,IBAGUE,73001
11952,TOLIMA,ICONONZO,73352,TOLIMA,ICONONZO,73352
12413,TOLIMA,LERIDA,73408,TOLIMA,LERIDA,73408
12640,TOLIMA,LIBANO,73411,TOLIMA,LIBANO,73411
12209,TOLIMA,MARIQUITA,73443,TOLIMA,MARIQUITA,73443
12675,TOLIMA,MELGAR,73449,TOLIMA,MELGAR,73449
12538,TOLIMA,MURILLO,73461,TOLIMA,MURILLO,73461
11936,TOLIMA,NATAGAIMA,73483,TOLIMA,NATAGAIMA,73483
12045,TOLIMA,ORTEGA,73504,TOLIMA,ORTEGA,73504
12484,TOLIMA,PALOCABILDO,73520,TOLIMA,PALOCABILDO,73520
11698,TOLIMA,PIEDRAS,73547,TOLIMA,PIEDRAS,73547
11830,TOLIMA,PLANADAS,73555,TOLIMA,PLANADAS,73555
11634,TOLIMA,PRADO,73563,TOLIMA,PRADO,73563
12694,TOLIMA,PURIFICACION,73585,TOLIMA,PURIFICACION,73585
12379,TOLIMA,RIOBLANCO,73616,TOLIMA,RIOBLANCO,73616
12061,TOLIMA,RONCESVALLES,73622,TOLIMA,RONCESVALLES,73622
11987,TOLIMA,ROVIRA,73624,TOLIMA,ROVIRA,73624
12594,TOLIMA,SALDANA,73671,TOLIMA,SALDANA,73671
12181,TOLIMA,SAN ANTONIO,73675,TOLIMA,SAN ANTONIO,73675
12047,TOLIMA,SAN LUIS,73678,TOLIMA,SAN LUIS,73678
12390,TOLIMA,SANTA ISABEL,73686,TOLIMA,SANTA ISABEL,73686
11685,TOLIMA,SUAREZ,73770,TOLIMA,SUAREZ,73770
12178,TOLIMA,VALLE DE SAN JUAN,73854,TOLIMA,VALLE DE SAN JUAN,73854
12066,TOLIMA,VENADILLO,73861,TOLIMA,VENADILLO,73861
12554,TOLIMA,VILLAHERMOSA,73870,TOLIMA,VILLAHERMOSA,73870
11781,TOLIMA,VILLARRICA,73873,TOLIMA,VILLARRICA,73873
12032,VALLE DEL CAUCA,ALCALA,76020,VALLE DEL CAUCA,ALCALA,76020
12330,VALLE DEL CAUCA,ANDALUCIA,76036,VALLE DEL CAUCA,ANDALUCIA,76036
11851,VALLE DEL CAUCA,ANSERMANUEVO,76041,VALLE DEL CAUCA,ANSERMANUEVO,76041
12380,VALLE DEL CAUCA,ARGELIA,76054,VALLE DEL CAUCA,ARGELIA,76054
11884,VALLE DEL CAUCA,BOLIVAR,76100,VALLE DEL CAUCA,BOLIVAR,76100
12629,VALLE DEL CAUCA,BUENAVENTURA,76109,VALLE DEL CAUCA,BUENAVENTURA,76109
11934,VALLE DEL CAUCA,GUADALAJARA DE BUGA,76111,VALLE DEL CAUCA,BUGA,76111
11758,VALLE DEL CAUCA,BUGALAGRANDE,76113,VALLE DEL CAUCA,BUGALAGRANDE,76113
12227,VALLE DEL CAUCA,CAICEDONIA,76122,VALLE DEL CAUCA,CAICEDONIA,76122
12601,VALLE DEL CAUCA,CALI,76001,VALLE DEL CAUCA,CALI,76001
12327,VALLE DEL CAUCA,CALIMA,76126,VALLE DEL CAUCA,CALIMA,76126
11916,VALLE DEL CAUCA,CANDELARIA,76130,VALLE DEL CAUCA,CANDELARIA,76130
12474,VALLE DEL CAUCA,CARTAGO,76147,VALLE DEL CAUCA,CARTAGO,76147
12591,VALLE DEL CAUCA,DAGUA,76233,VALLE DEL CAUCA,DAGUA,76233
11766,VALLE DEL CAUCA,EL AGUILA,76243,VALLE DEL CAUCA,EL AGUILA,76243
12668,VALLE DEL CAUCA,EL CAIRO,76246,VALLE DEL CAUCA,EL CAIRO,76246
11751,VALLE DEL CAUCA,EL CERRITO,76248,VALLE DEL CAUCA,EL CERRITO,76248
11623,VALLE DEL CAUCA,EL DOVIO,76250,VALLE DEL CAUCA,EL DOVIO,76250
12258,VALLE DEL CAUCA,FLORIDA,76275,VALLE DEL CAUCA,FLORIDA,76275
12243,VALLE DEL CAUCA,GINEBRA,76306,VALLE DEL CAUCA,GINEBRA,76306
12168,VALLE DEL CAUCA,GUACARI,76318,VALLE DEL CAUCA,GUACARI,76318
12397,VALLE DEL CAUCA,JAMUNDI,76364,VALLE DEL CAUCA,JAMUNDI,76364
11723,VALLE DEL CAUCA,LA CUMBRE,76377,VALLE DEL CAUCA,LA CUMBRE,76377
12511,VALLE DEL CAUCA,LA UNION,76400,VALLE DEL CAUCA,LA UNION,76400
12262,VALLE DEL CAUCA,LA VICTORIA,76403,VALLE DEL CAUCA,LA VICTORIA,76403
11752,VALLE DEL CAUCA,OBANDO,76497,VALLE DEL CAUCA,OBANDO,76497
11690,VALLE DEL CAUCA,PALMIRA,76520,VALLE DEL CAUCA,PALMIRA,76520
11786,VALLE DEL CAUCA,PRADERA,76563,VALLE DEL CAUCA,PRADERA,76563
12363,VALLE DEL CAUCA,RESTREPO,76606,VALLE DEL CAUCA,RESTREPO,76606
12586,VALLE DEL CAUCA,RIOFRIO,76616,VALLE DEL CAUCA,RIOFRIO,76616
12053,VALLE DEL CAUCA,ROLDANILLO,76622,VALLE DEL CAUCA,ROLDANILLO,76622
11714,VALLE DEL CAUCA,SAN PEDRO,76670,VALLE DEL CAUCA,SAN PEDRO,76670
12279,VALLE DEL CAUCA,SEVILLA,76736,VALLE DEL CAUCA,SEVILLA,76736
11900,VALLE DEL CAUCA,TORO,76823,VALLE DEL CAUCA,TORO,76823
11859,VALLE DEL CAUCA,TRUJILLO,76828,VALLE DEL CAUCA,TRUJILLO,76828
11611,VALLE DEL CAUCA,TULUA,76834,VALLE DEL CAUCA,TULUA,76834
12435,VALLE DEL CAUCA,ULLOA,76845,VALLE DEL CAUCA,ULLOA,76845
12583,VALLE DEL CAUCA,VERSALLES,76863,VALLE DEL CAUCA,VERSALLES,76863
12384,VALLE DEL CAUCA,VIJES,76869,VALLE DEL CAUCA,VIJES,76869
11953,VALLE DEL CAUCA,YOTOCO,76890,VALLE DEL CAUCA,YOTOCO,76890
12367,VALLE DEL CAUCA,YUMBO,76892,VALLE DEL CAUCA,YUMBO,76892
12280,VALLE DEL CAUCA,ZARZAL,76895,VALLE DEL CAUCA,ZARZAL,76895
12043,VAUPES,CARURU,97161,VAUPÉS,CARURU,97161
11918,VAUPES,MITU,97001,VAUPÉS,MITU,97001
12669,VAUPES,PACOA,97511,VAUPÉS,PACOA,97511
12054,VAUPES,PAPUNAUA,97777,VAUPÉS,PAPUNAUA,97777
11734,VAUPES,TARAIRA,97666,VAUPÉS,TARAIRA,97666
11831,VAUPES,YAVARATE,97889,VAUPÉS,YAVARATE ,97889
12499,VICHADA,CUMARIBO,99773,VICHADA,CUMARIBO,99773
12070,VICHADA,LA PRIMAVERA,99524,VICHADA,LA PRIMAVERA,99524
12609,VICHADA,PUERTO CARRENO,99001,VICHADA,PUERTO CARRENO,99001
12049,VICHADA,SANTA ROSALIA,99624,VICHADA,SANTA ROSALIA,99624
